,Date,Sentiment,Strength
0,1/1/2017,Neutral,5
1,1/2/2017,Neutral,5
2,1/3/2017,Neutral,5
3,1/4/2017,Positive,7.322580645
4,1/5/2017,Neutral,5
5,1/6/2017,neutral,5.516129032
6,1/7/2017,Neutral,5.451612903
7,1/8/2017,Neutral,3.571428571
8,1/9/2017,Negative,3.8
9,1/10/2017,Neutral,5.64516129
10,1/11/2017,Neutral,5
11,1/12/2017,Neutral,5
12,1/13/2017,Neutral,5.032258065
13,1/14/2017,Neutral,4.806451613
14,1/15/2017,Positive,6
15,1/16/2017,Positive,6
16,1/17/2017,Positive,5.258064516
17,1/18/2017,Neutral,5.290322581
18,1/19/2017,Positive,6.548387097
19,1/20/2017,Positive,7.322580645
20,1/21/2017,Positive,6.225806452
21,1/22/2017,Neutral,5
22,1/23/2017,Neutral,4.193548387
23,1/24/2017,Neutral,5
24,1/25/2017,Positive,6.548387097
25,1/26/2017,Neutral,5
26,1/27/2017,Neutral,4.225806452
27,1/28/2017,Neutral,5.774193548
28,1/29/2017,Neutral,5.419354839
29,1/30/2017,Neutral,5
30,1/31/2017,Neutral,5.387096774
31,2/1/2017,Neutral,5.096774194
32,2/2/2017,Neutral,5.548387097
33,2/3/2017,Negative,3.451612903
34,2/4/2017,Neutral,5
35,2/5/2017,Neutral,5
36,2/6/2017,Neutral,5.571428571
37,2/7/2017,Neutral,5
38,2/8/2017,Neutral,6.129032258
39,2/9/2017,Neutral,5.516129032
40,2/10/2017,Positive,6.451612903
41,2/11/2017,Neutral,4.35483871
42,2/12/2017,Neutral,5
43,2/13/2017,Neutral,4.285714286
44,2/14/2017,Neutral,5
45,2/15/2017,Neutral,4.741935484
46,2/16/2017,Negative,3.64516129
47,2/17/2017,Neutral,5.516129032
48,2/18/2017,Negative,3.161290323
49,2/19/2017,Neutral,3.806451613
50,2/20/2017,positive,6.935483871
51,2/21/2017,Positive,7.516129032
52,2/22/2017,Positive,6.35483871
53,2/23/2017,Neutral,5.774193548
54,2/24/2017,Neutral,5.387096774
55,2/25/2017,Neutral,5
56,2/26/2017,Positive,5.129032258
57,2/27/2017,Negative,3.516129032
58,2/28/2017,Negative,4.161290323
59,3/1/2017,Negative,4.612903226
60,3/2/2017,Negative,4.064516129
61,3/3/2017,Neutral,5.903225806
62,3/4/2017,Neutral,4.225806452
63,3/5/2017,Neutral,5.666666667
64,3/6/2017,Neutral,4.806451613
65,3/7/2017,Positive,5.677419355
66,3/8/2017,Negative,4.322580645
67,3/9/2017,Positive,6.935483871
68,3/10/2017,Negative,4.322580645
69,3/11/2017,Neutral,5
70,3/12/2017,Neutral,5
71,3/13/2017,Positive,5.967741935
72,3/14/2017,Neutral,5.64516129
73,3/15/2017,Positive,7.161290323
74,3/16/2017,Neutral,4.225806452
75,3/17/2017,Neutral,3.35483871
76,3/18/2017,Negative,4.225806452
77,3/19/2017,Positive,7.2
78,3/20/2017,Neutral,4.870967742
79,3/21/2017,Positive,6.935483871
80,3/22/2017,Positive,7.032258065
81,3/23/2017,Positive,6.548387097
82,3/24/2017,Positive,6.548387097
83,3/25/2017,Positive,6.548387097
84,3/26/2017,Positive,6.64516129
85,3/27/2017,Positive,6.419354839
86,3/28/2017,Neutral,5.870967742
87,3/29/2017,positive,6.612903226
88,3/30/2017,Neutral,5.322580645
89,3/31/2017,Positive,5.774193548
90,4/1/2017,Positive,7.612903226
91,4/2/2017,Neutral,5
92,4/3/2017,Positive,6.548387097
93,4/4/2017,Positive,6.096774194
94,4/5/2017,Neutral,5
95,4/6/2017,Neutral,5.096774194
96,4/7/2017,Neutral,5.516129032
97,4/8/2017,Positive,6.161290323
98,4/9/2017,Neutral,4.451612903
99,4/10/2017,Neutral,5.387096774
100,4/11/2017,Positive,6.741935484
101,4/12/2017,Positive,7.129032258
102,4/13/2017,Neutral,5.774193548
103,4/14/2017,Neutral,4.903225806
104,4/15/2017,Neutral,3.666666667
105,4/16/2017,Positive,7.333333333
106,4/17/2017,Positive,6.774193548
107,4/18/2017,Positive,7.322580645
108,4/19/2017,Positive,6.548387097
109,4/20/2017,Neutral,5
110,4/21/2017,Negative,2.322580645
111,4/22/2017,Negative,3.129032258
112,4/23/2017,Neutral,3.709677419
113,4/24/2017,Neutral,4.677419355
114,4/25/2017,Neutral,4.967741935
115,4/26/2017,Neutral,5.774193548
116,4/27/2017,Positive,6.161290323
117,4/28/2017,Neutral,5.774193548
118,4/29/2017,Positive,6.161290323
119,4/30/2017,Positive.,6.387096774
120,5/1/2017,Negative,3.285714286
121,5/2/2017,Positive,6.935483871
122,5/3/2017,Positive,6.935483871
123,5/4/2017,Neutral,4.612903226
124,5/5/2017,Positive,6.35483871
125,5/6/2017,Positive,6.548387097
126,5/7/2017,positive,5.741935484
127,5/8/2017,Neutral,5
128,5/9/2017,Positive,7
129,5/10/2017,Neutral,5.258064516
130,5/11/2017,Neutral,5.258064516
131,5/12/2017,Positive,6.548387097
132,5/13/2017,Positive,7.419354839
133,5/14/2017,Neutral,5
134,5/15/2017,Positive,6.548387097
135,5/16/2017,Neutral,5.774193548
136,5/17/2017,Positive,6.935483871
137,5/18/2017,Neutral,4.806451613
138,5/19/2017,Neutral,4.225806452
139,5/20/2017,Neutral,5.774193548
140,5/21/2017,Neutral,5
141,5/22/2017,Neutral,4.333333333
142,5/23/2017,Positive,7.516129032
143,5/24/2017,neutral,4.677419355
144,5/25/2017,positive,7.322580645
145,5/26/2017,Neutral,5
146,5/27/2017,Neutral,5
147,5/28/2017,negative,2.225806452
148,5/29/2017,Neutral,5.774193548
149,5/30/2017,Neutral,5.193548387
150,5/31/2017,Neutral,5
151,6/1/2017,positive,7.161290323
152,6/2/2017,Positive,6.64516129
153,6/3/2017,Positive,6.741935484
154,6/4/2017,Neutral,5.774193548
155,6/5/2017,neutral,5.266666667
156,6/6/2017,Positive,6.548387097
157,6/7/2017,Neutral,4.35483871
158,6/8/2017,Neutral,5.774193548
159,6/9/2017,positive,7.322580645
160,6/10/2017,Neutral,5.258064516
161,6/11/2017,Positive,6.032258065
162,6/12/2017,positive,7
163,6/13/2017,Neutral,5.774193548
164,6/14/2017,Positive,7.322580645
165,6/15/2017,Neutral,5
166,6/16/2017,Neutral,5
167,6/17/2017,Neutral,5.193548387
168,6/18/2017,Neutral,5.133333333
169,6/19/2017,Neutral,5
170,6/20/2017,Positive,6.548387097
171,6/21/2017,Neutral,4.806451613
172,6/22/2017,Neutral,5
173,6/23/2017,Neutral,6.161290323
174,6/24/2017,Neutral,5.387096774
175,6/25/2017,Neutral,5.096774194
176,6/26/2017,Neutral,5
177,6/27/2017,positive,6.548387097
178,6/28/2017,Neutral,5.064516129
179,6/29/2017,Positive,6.935483871
180,6/30/2017,Positive,6.548387097
181,7/1/2017,Neutral,6.161290323
182,7/2/2017,Neutral,5
183,7/3/2017,Positive,7.333333333
184,7/4/2017,Positive,7.35483871
185,7/5/2017,Positive,6.161290323
186,7/6/2017,Positive,6.322580645
187,7/7/2017,Neutral,5
188,7/8/2017,Neutral,5.387096774
189,7/9/2017,Positive,7
190,7/10/2017,Positive,7.285714286
191,7/11/2017,positive,6.548387097
192,7/12/2017,Neutral,5.483870968
193,7/13/2017,positive,6.548387097
194,7/14/2017,positive,6.161290323
195,7/15/2017,Positive,6.548387097
196,7/16/2017,Positive,6.714285714
197,7/17/2017,Neutral,5
198,7/18/2017,Positive,7.774193548
199,7/19/2017,Neutral,5
200,7/20/2017,Negative,4.35483871
201,7/21/2017,Neutral,5
202,7/22/2017,Neutral,5
203,7/23/2017,Neutral,5.857142857
204,7/24/2017,Negative,1.666666667
205,7/25/2017,Neutral,5.774193548
206,7/26/2017,Neutral,5
207,7/27/2017,Negative,4.225806452
208,7/28/2017,Neutral,5.774193548
209,7/29/2017,positive,6.032258065
210,7/30/2017,Neutral,4.64516129
211,7/31/2017,Positive,6.935483871
212,8/1/2017,Neutral,5.096774194
213,8/2/2017,Neutral,5.870967742
214,8/3/2017,Positive,6.548387097
215,8/4/2017,Positive,6.548387097
216,8/5/2017,Neutral,6.064516129
217,8/6/2017,Positive,5.714285714
218,8/7/2017,Positive,6.838709677
219,8/8/2017,Positive,7
220,8/9/2017,Positive,7.032258065
221,8/10/2017,Neutral,6.35483871
222,8/11/2017,Positive,6.741935484
223,8/12/2017,Neutral,3.838709677
224,8/13/2017,Neutral,5.612903226
225,8/14/2017,Neutral,5.387096774
226,8/15/2017,Positive,6.096774194
227,8/16/2017,Neutral,5.032258065
228,8/17/2017,Neutral,5.387096774
229,8/18/2017,Neutral,5.387096774
230,8/19/2017,Neutral,5
231,8/20/2017,positive,7.064516129
232,8/21/2017,Neutral,6.161290323
233,8/22/2017,Neutral,5
234,8/23/2017,Positive,7
235,8/24/2017,Positive,6.322580645
236,8/25/2017,Neutral,5.096774194
237,8/26/2017,neutral,6.032258065
238,8/27/2017,Neutral,5.096774194
239,8/28/2017,Neutral,3.709677419
240,8/29/2017,Positive,6.548387097
241,8/30/2017,Positive,6.35483871
242,8/31/2017,Neutral,5.129032258
243,9/1/2017,Negative,2.806451613
244,9/2/2017,Neutral,6.161290323
245,9/3/2017,Positive,6.387096774
246,9/4/2017,Neutral,5.35483871
247,9/5/2017,Negative,3.290322581
248,9/6/2017,Positive,6.258064516
249,9/7/2017,Positive,5.548387097
250,9/8/2017,Positive,6.806451613
251,9/9/2017,Positive,6.548387097
252,9/10/2017,Neutral,4.225806452
253,9/11/2017,Positive,6.714285714
254,9/12/2017,Positive,7.709677419
255,9/13/2017,Neutral,4.806451613
256,9/14/2017,Positive,6.806451613
257,9/15/2017,Positive,6.935483871
258,9/16/2017,Neutral,5
259,9/17/2017,Neutral,5
260,9/18/2017,Positive,6.64516129
261,9/19/2017,positive,7.032258065
262,9/20/2017,Neutral,5
263,9/21/2017,Positive,7.516129032
264,9/22/2017,Positive,7.129032258
265,9/23/2017,Positive,7.709677419
266,9/24/2017,Neutral,5
267,9/25/2017,positive,5.870967742
268,9/26/2017,positive,7.322580645
269,9/27/2017,Positive,7.322580645
270,9/28/2017,Neutral,6.387096774
271,9/29/2017,Positive,7
272,9/30/2017,Positive,6.548387097
273,10/1/2017,Neutral,5.290322581
274,10/2/2017,Neutral,5.580645161
275,10/3/2017,Positive,6.741935484
276,10/4/2017,Neutral,5.35483871
277,10/5/2017,Neutral,5
278,10/6/2017,Neutral,5
279,10/7/2017,Neutral,5
280,10/8/2017,positive,6.806451613
281,10/9/2017,Neutral,5
282,10/10/2017,positive,6.548387097
283,10/11/2017,Neutral,5.451612903
284,10/12/2017,Neutral,3.571428571
285,10/13/2017,Negative,3.8
286,10/14/2017,Neutral,5.64516129
287,10/15/2017,Neutral,5
288,10/16/2017,Neutral,5
289,10/17/2017,Neutral,5.290322581
290,10/18/2017,Neutral,4.806451613
291,10/19/2017,Positive,6
292,10/20/2017,Positive,6
293,10/21/2017,Positive,5.258064516
294,10/22/2017,Neutral,5.290322581
295,10/23/2017,Positive,6.935483871
296,10/24/2017,Positive,7.322580645
297,10/25/2017,Positive,5.967741935
298,10/26/2017,Neutral,5
299,10/27/2017,Neutral,4.064516129
300,10/28/2017,Neutral,5
301,10/29/2017,Positive,6.548387097
302,10/30/2017,Neutral,5
303,10/31/2017,Neutral,4.225806452
304,11/1/2017,neutral,5.516129032
305,11/2/2017,Neutral,5.290322581
306,11/3/2017,Neutral,5
307,11/4/2017,Neutral,5.387096774
308,11/5/2017,Neutral,5.096774194
309,11/6/2017,Neutral,5.032258065
310,11/7/2017,Negative,3.451612903
311,11/8/2017,Neutral,5
312,11/9/2017,Neutral,5
313,11/10/2017,Neutral,5.571428571
314,11/11/2017,Neutral,5.258064516
315,11/12/2017,Neutral,6.064516129
316,11/13/2017,Neutral,5.516129032
317,11/14/2017,Positive,6.516129032
318,11/15/2017,Positive,5.967741935
319,11/16/2017,Neutral,5
320,11/17/2017,Neutral,4.285714286
321,11/18/2017,Neutral,5
322,11/19/2017,Neutral,4.483870968
323,11/20/2017,Negative,3.64516129
324,11/21/2017,Neutral,5.774193548
325,11/22/2017,Neutral,4.774193548
326,11/23/2017,Neutral,4.322580645
327,11/24/2017,positive,6.935483871
328,11/25/2017,Positive,7.580645161
329,11/26/2017,Positive,6.35483871
330,11/27/2017,Neutral,5.774193548
331,11/28/2017,Neutral,5.258064516
332,11/29/2017,Neutral,5
333,11/30/2017,Positive,5.129032258
334,12/1/2017,Negative,4.032258065
335,12/2/2017,Negative,3.64516129
336,12/3/2017,Negative,4.741935484
337,12/4/2017,Negative,4.322580645
338,12/5/2017,Neutral,5.967741935
339,12/6/2017,Neutral,4.225806452
340,12/7/2017,Neutral,5.666666667
341,12/8/2017,Neutral,5.451612903
342,12/9/2017,Positive,5.677419355
343,12/10/2017,Negative,4.322580645
344,12/11/2017,Positive,6.935483871
345,12/12/2017,Negative,4.322580645
346,12/13/2017,neutral,5
347,12/14/2017,Neutral,5
348,12/15/2017,Positive,5.967741935
349,12/16/2017,Neutral,5.64516129
350,12/17/2017,Positive,7.225806452
351,12/18/2017,Neutral,4.225806452
352,12/19/2017,Negative,1.806451613
353,12/20/2017,negative,4.225806452
354,12/21/2017,Positive,7
355,12/22/2017,Neutral,4.806451613
356,12/23/2017,Positive,6.935483871
357,12/24/2017,Positive,6.903225806
358,12/25/2017,Positive,6.548387097
359,12/26/2017,positive,6.548387097
360,12/27/2017,Positive,6.032258065
361,12/28/2017,Positive,6.64516129
362,12/29/2017,Positive,6.419354839
363,12/30/2017,Neutral,5.870967742
364,12/31/2017,Positive,7.129032258
365,1/1/2018,Neutral,4.806451613
366,1/2/2018,Positive,6.032258065
367,1/3/2018,Positive,7.612903226
368,1/4/2018,Neutral,5
369,1/5/2018,Positive,6.548387097
370,1/6/2018,Positive,6.096774194
371,1/7/2018,Neutral,5
372,1/8/2018,Neutral,5.096774194
373,1/9/2018,Neutral,5.774193548
374,1/10/2018,Positive,5.903225806
375,1/11/2018,Neutral,4.451612903
376,1/12/2018,Neutral,5.387096774
377,1/13/2018,Positive,7
378,1/14/2018,Positive,7.129032258
379,1/15/2018,Neutral,5.774193548
380,1/16/2018,Neutral,4.806451613
381,1/17/2018,Neutral,3.666666667
382,1/18/2018,Positive,6.8
383,1/19/2018,Positive,6.838709677
384,1/20/2018,Positive,7.322580645
385,1/21/2018,Positive,6.548387097
386,1/22/2018,Neutral,5
387,1/23/2018,Negative,2.322580645
388,1/24/2018,Negative,3.129032258
389,1/25/2018,Neutral,3.709677419
390,1/26/2018,Neutral,4.677419355
391,1/27/2018,Neutral,4.967741935
392,1/28/2018,Neutral,5.774193548
393,1/29/2018,Positive,5.64516129
394,1/30/2018,Neutral,5.774193548
395,1/31/2018,Positive,6.161290323
396,2/1/2018,Positive,6.387096774
397,2/2/2018,Negative,3.285714286
398,2/3/2018,Positive,6.935483871
399,2/4/2018,Positive,6.548387097
400,2/5/2018,Neutral,4.612903226
401,2/6/2018,positive,6.419354839
402,2/7/2018,Positive,6.548387097
403,2/8/2018,positive,6.387096774
404,2/9/2018,Neutral,5
405,2/10/2018,Positive,7
406,2/11/2018,Neutral,5.258064516
407,2/12/2018,Neutral,5
408,2/13/2018,Positive,7.322580645
409,2/14/2018,Positive,7.419354839
410,2/15/2018,Neutral,5
411,2/16/2018,Positive,6.548387097
412,2/17/2018,Neutral,5.774193548
413,2/18/2018,Positive,6.935483871
414,2/19/2018,Neutral,4.870967742
415,2/20/2018,Neutral,4.225806452
416,2/21/2018,Neutral,5.774193548
417,2/22/2018,Neutral,5
418,2/23/2018,Neutral,4.333333333
419,2/24/2018,Positive,7.516129032
420,2/25/2018,Neutral,4.677419355
421,2/26/2018,positive,7.322580645
422,2/27/2018,Neutral,5
423,2/28/2018,Neutral,5
424,3/1/2018,Negative,2.225806452
425,3/2/2018,Neutral,5.774193548
426,3/3/2018,Neutral,5.193548387
427,3/4/2018,Neutral,5
428,3/5/2018,Positive,7.419354839
429,3/6/2018,Positive,6.64516129
430,3/7/2018,Positive,6.741935484
431,3/8/2018,Neutral,5.774193548
432,3/9/2018,neutral,5.266666667
433,3/10/2018,Positive,6.548387097
434,3/11/2018,Neutral,4.35483871
435,3/12/2018,Neutral,5.516129032
436,3/13/2018,positive,7.516129032
437,3/14/2018,Neutral,5.387096774
438,3/15/2018,Positive,6.548387097
439,3/16/2018,positive,7
440,3/17/2018,Neutral,5.903225806
441,3/18/2018,positive,7.322580645
442,3/19/2018,Neutral,5
443,3/20/2018,Neutral,5
444,3/21/2018,Neutral,5.193548387
445,3/22/2018,Neutral,5.133333333
446,3/23/2018,Neutral,5
447,3/24/2018,Positive,6.548387097
448,3/25/2018,Neutral,4.677419355
449,3/26/2018,Neutral,5
450,3/27/2018,Neutral,5.967741935
451,3/28/2018,Neutral,5.258064516
452,3/29/2018,Neutral,5.096774194
453,3/30/2018,Neutral,5
454,3/31/2018,positive,6.548387097
455,4/1/2018,Neutral,5.064516129
456,4/2/2018,Positive,6.935483871
457,4/3/2018,Positive,6.548387097
458,4/4/2018,Neutral,6.161290323
459,4/5/2018,Neutral,5
460,4/6/2018,Positive,7.333333333
461,4/7/2018,Positive,7.419354839
462,4/8/2018,Positive,6.161290323
463,4/9/2018,Positive,6.838709677
464,4/10/2018,Neutral,5
465,4/11/2018,Neutral,5.774193548
466,4/12/2018,Positive,7
467,4/13/2018,Positive,7.571428571
468,4/14/2018,positive,6.548387097
469,4/15/2018,Neutral,5.387096774
470,4/16/2018,positive,6.935483871
471,4/17/2018,Positive,6.161290323
472,4/18/2018,Positive,6.548387097
473,4/19/2018,Positive,6.714285714
474,4/20/2018,Neutral,5
475,4/21/2018,Positive,7.774193548
476,4/22/2018,Neutral,5
477,4/23/2018,Negative,4.967741935
478,4/24/2018,Neutral,5
479,4/25/2018,Neutral,5
480,4/26/2018,Neutral,5.857142857
481,4/27/2018,Negative,3
482,4/28/2018,Neutral,5.774193548
483,4/29/2018,Neutral,5
484,4/30/2018,Negative,4.225806452
485,5/1/2018,Neutral,5.774193548
486,5/2/2018,positive,6.032258065
487,5/3/2018,Neutral,4.64516129
488,5/4/2018,Positive,6.935483871
489,5/5/2018,Neutral,5.096774194
490,5/6/2018,Neutral,5.806451613
491,5/7/2018,Neutral,5
492,5/8/2018,Positive,6.548387097
493,5/9/2018,Neutral,5.967741935
494,5/10/2018,Positive,4.571428571
495,5/11/2018,Positive,6.806451613
496,5/12/2018,Positive,7
497,5/13/2018,Positive,6.967741935
498,5/14/2018,Neutral,6.35483871
499,5/15/2018,Positive,6.741935484
500,5/16/2018,Neutral,3.967741935
501,5/17/2018,Neutral,5.870967742
502,5/18/2018,Neutral,5.387096774
503,5/19/2018,Positive,6.225806452
504,5/20/2018,Neutral,4.967741935
505,5/21/2018,Neutral,5.387096774
506,5/22/2018,Neutral,5.387096774
507,5/23/2018,Neutral,5
508,5/24/2018,positive,7.064516129
509,5/25/2018,Neutral,6.161290323
510,5/26/2018,Neutral,5
511,5/27/2018,Positive,7
512,5/28/2018,Neutral,5.322580645
513,5/29/2018,Neutral,5.096774194
514,5/30/2018,neutral,6.032258065
515,5/31/2018,Neutral,5.096774194
516,6/1/2018,Neutral,3.709677419
517,6/2/2018,Positive,6.548387097
518,6/3/2018,Positive,6.419354839
519,6/4/2018,Neutral,5.387096774
520,6/5/2018,Negative,3.064516129
521,6/6/2018,Neutral,5.903225806
522,6/7/2018,Positive,6.387096774
523,6/8/2018,Neutral,5.35483871
524,6/9/2018,Negative,2.064516129
525,6/10/2018,Positive,6.258064516
526,6/11/2018,Positive,5.548387097
527,6/12/2018,Positive,6.322580645
528,6/13/2018,Positive,6.548387097
529,6/14/2018,Neutral,4.612903226
530,6/15/2018,Positive,6.714285714
531,6/16/2018,Positive,7.709677419
532,6/17/2018,Neutral,4.806451613
533,6/18/2018,Positive,6.806451613
534,6/19/2018,Positive,6.935483871
535,6/20/2018,Neutral,5
536,6/21/2018,Neutral,5
537,6/22/2018,Positive,6.64516129
538,6/23/2018,positive,7.032258065
539,6/24/2018,Neutral,5
540,6/25/2018,Neutral,5.709677419
541,6/26/2018,Positive,7.129032258
542,6/27/2018,Positive,8.225806452
543,6/28/2018,Neutral,5
544,6/29/2018,positive,5.870967742
545,6/30/2018,positive,7.064516129
546,7/1/2018,Positive,7.322580645
547,7/2/2018,Neutral,6.387096774
548,7/3/2018,Positive,7
549,7/4/2018,Positive,6.548387097
550,7/5/2018,Neutral,5.290322581
551,7/6/2018,Neutral,5.322580645
552,7/7/2018,Positive,6.741935484
553,7/8/2018,Neutral,5.35483871
554,7/9/2018,Neutral,5.967741935
555,7/10/2018,Positive,6.64516129
556,7/11/2018,Neutral,4.483870968
557,7/12/2018,Neutral,2.857142857
558,7/13/2018,Neutral,4.483870968
559,7/14/2018,Negative,3.903225806
560,7/15/2018,Neutral,5
561,7/16/2018,Positive,6.064516129
562,7/17/2018,Neutral,5
563,7/18/2018,Positive,6.741935484
564,7/19/2018,Neutral,5.677419355
565,7/20/2018,Positive,5.428571429
566,7/21/2018,Positive,7.451612903
567,7/22/2018,Neutral,5.387096774
568,7/23/2018,Neutral,4.64516129
569,7/24/2018,Positive,6.64516129
570,7/25/2018,Neutral,5
571,7/26/2018,Neutral,5
572,7/27/2018,Positive,6.548387097
573,7/28/2018,Negative,3.612903226
574,7/29/2018,Positive,5.387096774
575,7/30/2018,Neutral,5
576,7/31/2018,Neutral,4.709677419
577,8/1/2018,Positive,6.516129032
578,8/2/2018,Negative,4.741935484
579,8/3/2018,Positive,7.322580645
580,8/4/2018,Neutral,5.096774194
581,8/5/2018,Positive,7.451612903
582,8/6/2018,Positive,7.032258065
583,8/7/2018,Positive,6.225806452
584,8/8/2018,Positive,6.032258065
585,8/9/2018,Positive,6.548387097
586,8/10/2018,Neutral,4.258064516
587,8/11/2018,Positive,7.709677419
588,8/12/2018,Positive,6.612903226
589,8/13/2018,Neutral,5.096774194
590,8/14/2018,Positive,6.741935484
591,8/15/2018,Positive,7.322580645
592,8/16/2018,Neutral,3.709677419
593,8/17/2018,Positive,7.258064516
594,8/18/2018,Positive,7.903225806
595,8/19/2018,Neutral,5.774193548
596,8/20/2018,positive,6.548387097
597,8/21/2018,Positive,5.258064516
598,8/22/2018,Positive,7.709677419
599,8/23/2018,Neutral,5
600,8/24/2018,Neutral,5.193548387
601,8/25/2018,Positive,7.709677419
602,8/26/2018,Positive,7
603,8/27/2018,Positive,7.096774194
604,8/28/2018,Neutral,5.387096774
605,8/29/2018,Neutral,5.967741935
606,8/30/2018,Neutral,5
607,8/31/2018,Neutral,5
608,9/1/2018,Positive,6.741935484
609,9/2/2018,Positive,6.451612903
610,9/3/2018,Neutral,6.064516129
611,9/4/2018,Neutral,4.096774194
612,9/5/2018,Neutral,4.225806452
613,9/6/2018,Neutral,5.870967742
614,9/7/2018,Positive,6.709677419
615,9/8/2018,Neutral,6.032258065
616,9/9/2018,Positive,7.903225806
617,9/10/2018,Positive,8
618,9/11/2018,Positive,8
619,9/12/2018,Neutral,5.387096774
620,9/13/2018,Positive,7.322580645
621,9/14/2018,Neutral,5.387096774
622,9/15/2018,Neutral,5
623,9/16/2018,Positive,6.741935484
624,9/17/2018,Positive,5.774193548
625,9/18/2018,Positive,6.741935484
626,9/19/2018,Negative,4.741935484
627,9/20/2018,Positive,7.419354839
628,9/21/2018,Positive,7.903225806
629,9/22/2018,Positive,7
630,9/23/2018,Neutral,5.096774194
631,9/24/2018,Neutral,4.612903226
632,9/25/2018,Positive,6.419354839
633,9/26/2018,Neutral,5.580645161
634,9/27/2018,Positive,6.419354839
635,9/28/2018,Positive,5.838709677
636,9/29/2018,Positive,7.903225806
637,9/30/2018,Neutral,5.483870968
638,10/1/2018,Neutral,5
639,10/2/2018,Neutral,5
640,10/3/2018,Negative,3.580645161
641,10/4/2018,Neutral,5.774193548
642,10/5/2018,Neutral,5
643,10/6/2018,Positive,7.129032258
644,10/7/2018,Positive,7.161290323
645,10/8/2018,Negative,3.64516129
646,10/9/2018,Positive,7.322580645
647,10/10/2018,Neutral,4.451612903
648,10/11/2018,Neutral,5
649,10/12/2018,Neutral,5
650,10/13/2018,Positive,6.225806452
651,10/14/2018,Neutral,6.161290323
652,10/15/2018,Neutral,5
653,10/16/2018,Neutral,5
654,10/17/2018,Positive,7.322580645
655,10/18/2018,Neutral,5.064516129
656,10/19/2018,positive,6.806451613
657,10/20/2018,Neutral,5.451612903
658,10/21/2018,Neutral,3.571428571
659,10/22/2018,Negative,3.8
660,10/23/2018,Neutral,5.129032258
661,10/24/2018,Neutral,5
662,10/25/2018,Neutral,5
663,10/26/2018,Neutral,5.032258065
664,10/27/2018,Neutral,4.806451613
665,10/28/2018,Positive,6
666,10/29/2018,Positive,6
667,10/30/2018,Positive,5.258064516
668,10/31/2018,Neutral,4.935483871
669,11/1/2018,Positive,6.548387097
670,11/2/2018,Positive,7.322580645
671,11/3/2018,Positive,6.290322581
672,11/4/2018,Neutral,5
673,11/5/2018,Neutral,4.193548387
674,11/6/2018,Neutral,5
675,11/7/2018,Positive,6.548387097
676,11/8/2018,Neutral,5
677,11/9/2018,Neutral,4.225806452
678,11/10/2018,neutral,5.516129032
679,11/11/2018,Neutral,5.290322581
680,11/12/2018,Neutral,5
681,11/13/2018,Neutral,5.387096774
682,11/14/2018,Neutral,5.096774194
683,11/15/2018,Neutral,5.935483871
684,11/16/2018,Negative,3.580645161
685,11/17/2018,Neutral,5
686,11/18/2018,Neutral,5.258064516
687,11/19/2018,Neutral,5.571428571
688,11/20/2018,Neutral,5
689,11/21/2018,Neutral,6
690,11/22/2018,Neutral,5.516129032
691,11/23/2018,Positive,6.451612903
692,11/24/2018,Positive,5.967741935
693,11/25/2018,Neutral,5
694,11/26/2018,Neutral,4.285714286
695,11/27/2018,Neutral,5
696,11/28/2018,Neutral,4.483870968
697,11/29/2018,Negative,3.64516129
698,11/30/2018,Neutral,5.774193548
699,12/1/2018,Neutral,4.967741935
700,12/2/2018,Neutral,4.322580645
701,12/3/2018,positive,6.935483871
702,12/4/2018,Positive,7.516129032
703,12/5/2018,Positive,6.35483871
704,12/6/2018,Neutral,5.774193548
705,12/7/2018,Neutral,5.387096774
706,12/8/2018,Neutral,5
707,12/9/2018,Positive,5.129032258
708,12/10/2018,Negative,3.516129032
709,12/11/2018,Negative,4.161290323
710,12/12/2018,Negative,4.612903226
711,12/13/2018,Negative,4.129032258
712,12/14/2018,Neutral,5.967741935
713,12/15/2018,Neutral,4.225806452
714,12/16/2018,Neutral,6
715,12/17/2018,Neutral,4.677419355
716,12/18/2018,Positive,5.677419355
717,12/19/2018,Negative,4.322580645
718,12/20/2018,Positive,6.935483871
719,12/21/2018,Negative,4.322580645
720,12/22/2018,neutral,5
721,12/23/2018,Neutral,5
722,12/24/2018,Positive,6.096774194
723,12/25/2018,Neutral,5.64516129
724,12/26/2018,Positive,7.225806452
725,12/27/2018,Neutral,4.225806452
726,12/28/2018,Neutral,3.35483871
727,12/29/2018,Negative,4.741935484
728,12/30/2018,Positive,7.133333333
729,12/31/2018,Neutral,4.806451613
730,1/1/2019,Positive,6.935483871
731,1/2/2019,Positive,7.032258065
732,1/3/2019,Positive,6.548387097
733,1/4/2019,positive,6.548387097
734,1/5/2019,Positive,6.032258065
735,1/6/2019,Positive,6.548387097
736,1/7/2019,Positive,6.419354839
737,1/8/2019,Neutral,5.870967742
738,1/9/2019,Positive,7.129032258
739,1/10/2019,Neutral,4.806451613
740,1/11/2019,Positive,6.548387097
741,1/12/2019,Positive,7.483870968
742,1/13/2019,Neutral,5
743,1/14/2019,Positive,6.548387097
744,1/15/2019,Positive,6.096774194
745,1/16/2019,Neutral,5
746,1/17/2019,Neutral,5.096774194
747,1/18/2019,Neutral,5.516129032
748,1/19/2019,Positive,5.903225806
749,1/20/2019,Neutral,4.451612903
750,1/21/2019,Neutral,5.387096774
751,1/22/2019,Positive,6.741935484
752,1/23/2019,Positive,7.129032258
753,1/24/2019,Neutral,5.774193548
754,1/25/2019,Neutral,4.870967742
755,1/26/2019,Neutral,5
756,1/27/2019,Positive,6.8
757,1/28/2019,Positive,6.774193548
758,1/29/2019,Positive,7.322580645
759,1/30/2019,Positive,6.548387097
760,1/31/2019,Neutral,5
761,2/1/2019,Negative,2.322580645
762,2/2/2019,Negative,2.096774194
763,2/3/2019,Neutral,3.709677419
764,2/4/2019,Neutral,4.677419355
765,2/5/2019,Neutral,4.967741935
766,2/6/2019,Neutral,5.774193548
767,2/7/2019,Positive,6.161290323
768,2/8/2019,Neutral,5.774193548
769,2/9/2019,Positive,6.161290323
770,2/10/2019,Positive,6.387096774
771,2/11/2019,Negative,3
772,2/12/2019,Positive,6.935483871
773,2/13/2019,Positive,7.451612903
774,2/14/2019,Neutral,4.612903226
775,2/15/2019,positive,6.419354839
776,2/16/2019,Positive,6.548387097
777,2/17/2019,positive,6.258064516
778,2/18/2019,Neutral,5
779,2/19/2019,Positive,7
780,2/20/2019,Neutral,5.258064516
781,2/21/2019,Neutral,5.258064516
782,2/22/2019,Positive,6.548387097
783,2/23/2019,Positive,7.419354839
784,2/24/2019,Neutral,5
785,2/25/2019,Positive,6.548387097
786,2/26/2019,Neutral,5.516129032
787,2/27/2019,Positive,6.935483871
788,2/28/2019,Neutral,4.806451613
789,3/1/2019,Neutral,4.225806452
790,3/2/2019,Neutral,5.774193548
791,3/3/2019,Neutral,5
792,3/4/2019,Neutral,4.333333333
793,3/5/2019,Positive,7.516129032
794,3/6/2019,neutral,4.677419355
795,3/7/2019,positive,7.322580645
796,3/8/2019,Neutral,5
797,3/9/2019,Neutral,5
798,3/10/2019,Negative,2.225806452
799,3/11/2019,Neutral,5.774193548
800,3/12/2019,Neutral,5.193548387
801,3/13/2019,Neutral,5
802,3/14/2019,Positive.,7.419354839
803,3/15/2019,Positive,6.64516129
804,3/16/2019,Positive,6.225806452
805,3/17/2019,Neutral,5.774193548
806,3/18/2019,neutral,5.266666667
807,3/19/2019,Positive,6.548387097
808,3/20/2019,Neutral,4.35483871
809,3/21/2019,Neutral,5
810,3/22/2019,positive,7.516129032
811,3/23/2019,Neutral,5.387096774
812,3/24/2019,Positive,6.032258065
813,3/25/2019,positive,7
814,3/26/2019,Positive,6.806451613
815,3/27/2019,Positive,7.322580645
816,3/28/2019,Neutral,5
817,3/29/2019,Neutral,5
818,3/30/2019,Neutral,5.129032258
819,3/31/2019,Neutral,5.133333333
820,4/1/2019,Neutral,5
821,4/2/2019,Positive,6.548387097
822,4/3/2019,Neutral,4.419354839
823,4/4/2019,Neutral,5
824,4/5/2019,Neutral,6.161290323
825,4/6/2019,Neutral,5.387096774
826,4/7/2019,Neutral,5.096774194
827,4/8/2019,Neutral,5
828,4/9/2019,positive,6.548387097
829,4/10/2019,Neutral,5.064516129
830,4/11/2019,Positive,6.935483871
831,4/12/2019,Positive,6.548387097
832,4/13/2019,Neutral,6.161290323
833,4/14/2019,Neutral,5
834,4/15/2019,Positive,7.333333333
835,4/16/2019,Positive,7.419354839
836,4/17/2019,Positive,6.161290323
837,4/18/2019,Neutral,5.290322581
838,4/19/2019,Neutral,5
839,4/20/2019,Neutral,5.387096774
840,4/21/2019,Positive,7
841,4/22/2019,Positive,7.571428571
842,4/23/2019,Positive,6.548387097
843,4/24/2019,Neutral,5.387096774
844,4/25/2019,positive,6.548387097
845,4/26/2019,positive,5.387096774
846,4/27/2019,Positive,6.548387097
847,4/28/2019,Positive,6.714285714
848,4/29/2019,Neutral,5
849,4/30/2019,Positive,7.774193548
850,5/1/2019,Neutral,5
851,5/2/2019,Negative,4.870967742
852,5/3/2019,Neutral,5
853,5/4/2019,Neutral,5
854,5/5/2019,Neutral,5.857142857
855,5/6/2019,Negative,3
856,5/7/2019,Neutral,5.774193548
857,5/8/2019,Neutral,5
858,5/9/2019,Negative,4.225806452
859,5/10/2019,Neutral,5.774193548
860,5/11/2019,positive,6.032258065
861,5/12/2019,Neutral,4.64516129
862,5/13/2019,Positive,6.935483871
863,5/14/2019,Neutral,5.096774194
864,5/15/2019,Neutral,5.741935484
865,5/16/2019,Positive,6.548387097
866,5/17/2019,Positive,6.548387097
867,5/18/2019,Neutral,6.064516129
868,5/19/2019,Positive,5.714285714
869,5/20/2019,Positive,6.806451613
870,5/21/2019,Positive,7.032258065
871,5/22/2019,Positive,7.032258065
872,5/23/2019,Neutral,6.35483871
873,5/24/2019,Positive,6.741935484
874,5/25/2019,Neutral,3.903225806
875,5/26/2019,Neutral,5.612903226
876,5/27/2019,Neutral,5.387096774
877,5/28/2019,Positive,6.064516129
878,5/29/2019,Neutral,4.967741935
879,5/30/2019,Neutral,5.387096774
880,5/31/2019,Neutral,5.387096774
881,6/1/2019,Neutral,5
882,6/2/2019,positive,7.064516129
883,6/3/2019,Neutral,6.161290323
884,6/4/2019,Neutral,5
885,6/5/2019,Positive,7.032258065
886,6/6/2019,Neutral,5.35483871
887,6/7/2019,Neutral,5.096774194
888,6/8/2019,neutral,5.580645161
889,6/9/2019,Neutral,5.096774194
890,6/10/2019,Neutral,3.709677419
891,6/11/2019,Positive,6.548387097
892,6/12/2019,Positive,6.419354839
893,6/13/2019,Neutral,5.387096774
894,6/14/2019,Negative,3.451612903
895,6/15/2019,Neutral,6.161290323
896,6/16/2019,Positive,6.387096774
897,6/17/2019,Neutral,5.35483871
898,6/18/2019,Negative,3.290322581
899,6/19/2019,Positive,6.258064516
900,6/20/2019,Positive,6.064516129
901,6/21/2019,Positive,7.096774194
902,6/22/2019,Positive,6.548387097
903,6/23/2019,Neutral,4.419354839
904,6/24/2019,Positive,6.714285714
905,6/25/2019,Positive,7.580645161
906,6/26/2019,Neutral,4.870967742
907,6/27/2019,Positive,6.806451613
908,6/28/2019,Positive,6.935483871
909,6/29/2019,Neutral,5
910,6/30/2019,Neutral,5
911,7/1/2019,Positive,6.64516129
912,7/2/2019,positive,7.032258065
913,7/3/2019,Neutral,5
914,7/4/2019,Neutral,5.967741935
915,7/5/2019,Positive,7.129032258
916,7/6/2019,Positive,7.451612903
917,7/7/2019,neutral,5
918,7/8/2019,positive,5.870967742
919,7/9/2019,positive,7.064516129
920,7/10/2019,Positive,7.322580645
921,7/11/2019,Neutral,6.387096774
922,7/12/2019,Positive,7
923,7/13/2019,Positive,6.548387097
924,7/14/2019,Neutral,5.290322581
925,7/15/2019,Neutral,5.451612903
926,7/16/2019,Positive,6.741935484
927,7/17/2019,Neutral,5.483870968
928,7/18/2019,Neutral,5.967741935
929,7/19/2019,Positive,6.64516129
930,7/20/2019,Neutral,4.483870968
931,7/21/2019,Neutral,2.857142857
932,7/22/2019,Neutral,4.806451613
933,7/23/2019,Negative,3.903225806
934,7/24/2019,Neutral,5
935,7/25/2019,Positive,6.064516129
936,7/26/2019,Neutral,5
937,7/27/2019,positive,6.225806452
938,7/28/2019,Neutral,5.677419355
939,7/29/2019,Positive,6
940,7/30/2019,Positive,7.451612903
941,7/31/2019,Neutral,5.387096774
942,8/1/2019,Neutral,4.64516129
943,8/2/2019,Positive,6.64516129
944,8/3/2019,Neutral,5
945,8/4/2019,Neutral,5
946,8/5/2019,Positive,6.548387097
947,8/6/2019,Negative,3.612903226
948,8/7/2019,Positive,5.387096774
949,8/8/2019,Neutral,5
950,8/9/2019,Neutral,4.612903226
951,8/10/2019,Positive,7.032258065
952,8/11/2019,Negative,4.322580645
953,8/12/2019,Positive,7.322580645
954,8/13/2019,Neutral,5.096774194
955,8/14/2019,Positive,7.451612903
956,8/15/2019,Positive,7.032258065
957,8/16/2019,Positive,5.967741935
958,8/17/2019,Neutral,5
959,8/18/2019,Positive,6.548387097
960,8/19/2019,Neutral,4.258064516
961,8/20/2019,Positive,7.709677419
962,8/21/2019,Positive,6.548387097
963,8/22/2019,Neutral,5.096774194
964,8/23/2019,positive,6.741935484
965,8/24/2019,Positive,7.322580645
966,8/25/2019,Neutral,3.709677419
967,8/26/2019,Positive,7.193548387
968,8/27/2019,Positive,7.903225806
969,8/28/2019,Neutral,5.774193548
970,8/29/2019,positive,6.032258065
971,8/30/2019,Positive,5.258064516
972,8/31/2019,Positive,7.709677419
973,9/1/2019,Neutral,5
974,9/2/2019,Neutral,5.193548387
975,9/3/2019,Positive,7.580645161
976,9/4/2019,Positive,7
977,9/5/2019,Positive,7.225806452
978,9/6/2019,Neutral,5.387096774
979,9/7/2019,Neutral,6.032258065
980,9/8/2019,Neutral,5
981,9/9/2019,Neutral,5
982,9/10/2019,Positive,6.612903226
983,9/11/2019,Positive,6.451612903
984,9/12/2019,Neutral,6.064516129
985,9/13/2019,Neutral,4.096774194
986,9/14/2019,Neutral,4.225806452
987,9/15/2019,Neutral,5.838709677
988,9/16/2019,Positive,6.838709677
989,9/17/2019,Neutral,6.161290323
990,9/18/2019,Positive,7.903225806
991,9/19/2019,Positive,8
992,9/20/2019,Positive,8
993,9/21/2019,Neutral,5.387096774
994,9/22/2019,Positive,7.322580645
995,9/23/2019,Neutral,5.387096774
996,9/24/2019,positive,6.548387097
997,9/25/2019,Positive,6.806451613
998,9/26/2019,Positive,5.774193548
999,9/27/2019,Positive,6.741935484
1000,9/28/2019,Negative,4.35483871
1001,9/29/2019,positive,7.387096774
1002,9/30/2019,Positive,7.903225806
1003,10/1/2019,Positive,7.387096774
1004,10/2/2019,Neutral,5.096774194
1005,10/3/2019,Neutral,4.612903226
1006,10/4/2019,Positive,6.419354839
1007,10/5/2019,Neutral,5.580645161
1008,10/6/2019,Positive,6.935483871
1009,10/7/2019,Positive,5.838709677
1010,10/8/2019,Positive,7.903225806
1011,10/9/2019,Neutral,5.483870968
1012,10/10/2019,Neutral,5
1013,10/11/2019,Neutral,5
1014,10/12/2019,Negative,3.612903226
1015,10/13/2019,Neutral,5.774193548
1016,10/14/2019,Neutral,5
1017,10/15/2019,Positive,6.935483871
1018,10/16/2019,Positive,6.64516129
1019,10/17/2019,Negative,3.64516129
1020,10/18/2019,Positive,7.322580645
1021,10/19/2019,Neutral,5.096774194
1022,10/20/2019,Neutral,5
1023,10/21/2019,Neutral,5
1024,10/22/2019,Positive,6.741935484
1025,10/23/2019,Neutral,6.258064516
1026,10/24/2019,Negative,4.64516129
1027,10/25/2019,Neutral,5.774193548
1028,10/26/2019,Neutral,5
1029,10/27/2019,Positive,7.322580645
1030,10/28/2019,Neutral,4.612903226
1031,10/29/2019,positive,7.322580645
1032,10/30/2019,Neutral,5
1033,10/31/2019,Negative,4.516129032
1034,11/1/2019,Neutral,5.290322581
1035,11/2/2019,Neutral,4.225806452
1036,11/3/2019,Neutral,4.677419355
1037,11/4/2019,Positive,5.838709677
1038,11/5/2019,Positive,7.322580645
1039,11/6/2019,Neutral,5.193548387
1040,11/7/2019,Negative,2.64516129
1041,11/8/2019,Neutral,4.903225806
1042,11/9/2019,Positive,6.548387097
1043,11/10/2019,Neutral,5
1044,11/11/2019,Neutral,5.903225806
1045,11/12/2019,Positive,5.774193548
1046,11/13/2019,Neutral,5.774193548
1047,11/14/2019,Positive,6.483870968
1048,11/15/2019,Positive,6.516129032
1049,11/16/2019,Positive,7.709677419
1050,11/17/2019,Positive,6.806451613
1051,11/18/2019,Positive,6.806451613
1052,11/19/2019,Positive,7.774193548
1053,11/20/2019,Positive,7.903225806
1054,11/21/2019,Positive,7.838709677
1055,11/22/2019,Positive,7.387096774
1056,11/23/2019,Neutral,5.967741935
1057,11/24/2019,Neutral,5.580645161
1058,11/25/2019,Positive,7.838709677
1059,11/26/2019,Neutral,5.387096774
1060,11/27/2019,Positive,6.580645161
1061,11/28/2019,Positive,8
1062,11/29/2019,positive,6.838709677
1063,11/30/2019,Neutral,5.096774194
1064,12/1/2019,Positive,7.580645161
1065,12/2/2019,Neutral,5
1066,12/3/2019,neutral,5
1067,12/4/2019,Neutral,5.967741935
1068,12/5/2019,Positive,7.129032258
1069,12/6/2019,Neutral,5.387096774
1070,12/7/2019,Positive,6.612903226
1071,12/8/2019,Neutral,6.161290323
1072,12/9/2019,Positive,6.387096774
1073,12/10/2019,Neutral,4.225806452
1074,12/11/2019,Positive,6.64516129
1075,12/12/2019,Positive,7.419354839
1076,12/13/2019,Positive,7.580645161
1077,12/14/2019,Positive,6.838709677
1078,12/15/2019,positive,6.548387097
1079,12/16/2019,Neutral,5.870967742
1080,12/17/2019,Positive,6.741935484
1081,12/18/2019,Positive,6.677419355
1082,12/19/2019,positive,7.903225806
1083,12/20/2019,Neutral,5.064516129
1084,12/21/2019,Neutral,5
1085,12/22/2019,Negative,4.838709677
1086,12/23/2019,Neutral,5
1087,12/24/2019,Negative,2.677419355
1088,12/25/2019,Positive,7.322580645
1089,12/26/2019,Positive,7.709677419
1090,12/27/2019,Positive,7.322580645
1091,12/28/2019,Positive,7.129032258
1092,12/29/2019,Neutral,5.322580645
1093,12/30/2019,Positive,6.548387097
1094,12/31/2019,Positive,7.419354839
1095,1/1/2020,Neutral,5.967741935
1096,1/2/2020,Positive,6.161290323
1097,1/3/2020,Positive,7.064516129
1098,1/4/2020,Neutral,4.709677419
1099,1/5/2020,Neutral,5.516129032
1100,1/6/2020,Neutral,4.129032258
1101,1/7/2020,Neutral,5
1102,1/8/2020,Neutral,5
1103,1/9/2020,Neutral,4.741935484
1104,1/10/2020,Neutral,4.709677419
1105,1/11/2020,Neutral,3.580645161
1106,1/12/2020,positive,6.548387097
1107,1/13/2020,Neutral,6.161290323
1108,1/14/2020,Positive,6.161290323
1109,1/15/2020,Positive,5.709677419
1110,1/16/2020,Positive,5.935483871
1111,1/17/2020,Positive,6.032258065
1112,1/18/2020,Negative,3.64516129
1113,1/19/2020,Neutral,4.806451613
1114,1/20/2020,Neutral,4.903225806
1115,1/21/2020,Positive,6.64516129
1116,1/22/2020,Positive,7.612903226
1117,1/23/2020,positive,6.741935484
1118,1/24/2020,Neutral,5.64516129
1119,1/25/2020,Positive,7.322580645
1120,1/26/2020,Positive,6.225806452
1121,1/27/2020,Positive,7.032258065
1122,1/28/2020,Neutral,5.677419355
1123,1/29/2020,Positive,6.935483871
1124,1/30/2020,Positive,6.032258065
1125,1/31/2020,Positive,7.322580645
1126,2/1/2020,Negative,4.258064516
1127,2/2/2020,Positive,7.516129032
1128,2/3/2020,Neutral,5.193548387
1129,2/4/2020,Positive,6.548387097
1130,2/5/2020,Neutral,5.774193548
1131,2/6/2020,Positive,7.838709677
1132,2/7/2020,Positive,8.419354839
1133,2/8/2020,Positive,6.548387097
1134,2/9/2020,Positive,7.709677419
1135,2/10/2020,positive,6.225806452
1136,2/11/2020,Positive,6.935483871
1137,2/12/2020,Neutral,5.290322581
1138,2/13/2020,Neutral,5.483870968
1139,2/14/2020,Positive,7.032258065
1140,2/15/2020,Positive,7.032258065
1141,2/16/2020,positive,6.548387097
1142,2/17/2020,Positive,6.741935484
1143,2/18/2020,Positive,7.322580645
1144,2/19/2020,Positive,6.548387097
1145,2/20/2020,Neutral,5.290322581
1146,2/21/2020,Positive,7.774193548
1147,2/22/2020,Neutral,5.870967742
1148,2/23/2020,Positive,6.548387097
1149,2/24/2020,Neutral,5.096774194
1150,2/25/2020,Positive,6.64516129
1151,2/26/2020,Neutral,5
1152,2/27/2020,Positive,6.35483871
1153,2/28/2020,positive,6.838709677
1154,2/29/2020,Neutral,5.258064516
1155,3/1/2020,Negative,3.64516129
1156,3/2/2020,Neutral,4.806451613
1157,3/3/2020,Neutral,5.387096774
1158,3/4/2020,Positive,5.870967742
1159,3/5/2020,Neutral,5.516129032
1160,3/6/2020,Neutral,6.032258065
1161,3/7/2020,Negative,3.548387097
1162,3/8/2020,Neutral,5.774193548
1163,3/9/2020,Neutral,5.290322581
1164,3/10/2020,Positive,6.709677419
1165,3/11/2020,Positive,7.225806452
1166,3/12/2020,Positive,7.838709677
1167,3/13/2020,Neutral,5.193548387
1168,3/14/2020,Neutral,5.193548387
1169,3/15/2020,Neutral,5.677419355
1170,3/16/2020,Neutral,5.193548387
1171,3/17/2020,Neutral,5
1172,3/18/2020,Neutral,5.967741935
1173,3/19/2020,positive,7.677419355
1174,3/20/2020,positive,6.548387097
1175,3/21/2020,Neutral,5
1176,3/22/2020,Neutral,6.2
1177,3/23/2020,Neutral,5.774193548
1178,3/24/2020,Neutral,5
1179,3/25/2020,Neutral,5.193548387
1180,3/26/2020,Positive,7.903225806
1181,3/27/2020,Neutral,4.967741935
1182,3/28/2020,Positive,5.870967742
1183,3/29/2020,Neutral,4.838709677
1184,3/30/2020,Neutral,6.161290323
1185,3/31/2020,Neutral,5.193548387
1186,4/1/2020,Neutral,5.193548387
1187,4/2/2020,Positive,6.548387097
1188,4/3/2020,Neutral,4.967741935
1189,4/4/2020,Neutral,5.483870968
1190,4/5/2020,Neutral,4.612903226
1191,4/6/2020,Neutral,4.733333333
1192,4/7/2020,Neutral,4.225806452
1193,4/8/2020,negative,3.935483871
1194,4/9/2020,Positive,7.35483871
1195,4/10/2020,Neutral,5
1196,4/11/2020,Neutral,5.096774194
1197,4/12/2020,Neutral,4.903225806
1198,4/13/2020,Positive,7.2
1199,4/14/2020,Positive,6.64516129
1200,4/15/2020,Negative,4.225806452
1201,4/16/2020,Positive,7.322580645
1202,4/17/2020,Positive,7.032258065
1203,4/18/2020,Neutral,5
1204,4/19/2020,Neutral,5.193548387
1205,4/20/2020,Positive,6.161290323
1206,4/21/2020,positive,6.35483871
1207,4/22/2020,Neutral,5.387096774
1208,4/23/2020,Positive,7.709677419
1209,4/24/2020,Positive,6.935483871
1210,4/25/2020,Positive,6.548387097
1211,4/26/2020,Neutral,5.774193548
1212,4/27/2020,Positive,6.64516129
1213,4/28/2020,Positive,6.225806452
1214,4/29/2020,Neutral,5.483870968
1215,4/30/2020,positive,7.806451613
1216,5/1/2020,Neutral,5.193548387
1217,5/2/2020,Positive,6.548387097
1218,5/3/2020,Neutral,5.806451613
1219,5/4/2020,Neutral,5.193548387
1220,5/5/2020,Neutral,5.967741935
1221,5/6/2020,Positive,6.548387097
1222,5/7/2020,Positive,6.548387097
1223,5/8/2020,Neutral,5.096774194
1224,5/9/2020,Positive,6.64516129
1225,5/10/2020,Neutral,5.580645161
1226,5/11/2020,Negative,3.64516129
1227,5/12/2020,Neutral,4.225806452
1228,5/13/2020,Neutral,3.709677419
1229,5/14/2020,Positive,6.35483871
1230,5/15/2020,Neutral,4.451612903
1231,5/16/2020,Positive,6.225806452
1232,5/17/2020,Neutral,5
1233,5/18/2020,Positive,6.35483871
1234,5/19/2020,Neutral,6
1235,5/20/2020,Positive,6.870967742
1236,5/21/2020,Neutral,5
1237,5/22/2020,Negative,4.225806452
1238,5/23/2020,Positive,6.677419355
1239,5/24/2020,positive,6.333333333
1240,5/25/2020,positive,6.806451613
1241,5/26/2020,Positive,7.516129032
1242,5/27/2020,Positive,7.258064516
1243,5/28/2020,positive,7.612903226
1244,5/29/2020,Positive,7.580645161
1245,5/30/2020,Positive,6.548387097
1246,5/31/2020,Neutral,5.193548387
1247,6/1/2020,Positive,5.870967742
1248,6/2/2020,Neutral,5
1249,6/3/2020,Positive,7.387096774
1250,6/4/2020,Positive,6.741935484
1251,6/5/2020,Positive,7.709677419
1252,6/6/2020,Neutral,6.161290323
1253,6/7/2020,Neutral,5.096774194
1254,6/8/2020,Positive,7.064516129
1255,6/9/2020,Positive,6.548387097
1256,6/10/2020,Positive,7.322580645
1257,6/11/2020,Neutral,5
1258,6/12/2020,Neutral,5.129032258
1259,6/13/2020,Negative,3.387096774
1260,6/14/2020,Positive,4.870967742
1261,6/15/2020,positive,7.225806452
1262,6/16/2020,Neutral,5.774193548
1263,6/17/2020,Neutral,5.483870968
1264,6/18/2020,Neutral,5.580645161
1265,6/19/2020,Negative,2.741935484
1266,6/20/2020,positive,6.35483871
1267,6/21/2020,Neutral,5.290322581
1268,6/22/2020,Positive,6.548387097
1269,6/23/2020,Positive,8
1270,6/24/2020,Positive,7.612903226
1271,6/25/2020,Positive,7.258064516
1272,6/26/2020,Positive,8.064516129
1273,6/27/2020,Positive,6.548387097
1274,6/28/2020,Neutral,5.064516129
1275,6/29/2020,Negative,3.451612903
1276,6/30/2020,Neutral,5
1277,7/1/2020,positive,7.903225806
1278,7/2/2020,Positive,8
1279,7/3/2020,Positive,4.935483871
1280,7/4/2020,Neutral,5.419354839
1281,7/5/2020,Neutral,5.709677419
1282,7/6/2020,Neutral,5.580645161
1283,7/7/2020,Positive,8
1284,7/8/2020,Positive,5.774193548
1285,7/9/2020,Negative,3.258064516
1286,7/10/2020,Positive,7.806451613
1287,7/11/2020,Neutral,5
1288,7/12/2020,Positive,7.709677419
1289,7/13/2020,Positive,6.64516129
1290,7/14/2020,Positive,6.967741935
1291,7/15/2020,Neutral,5.774193548
1292,7/16/2020,Positive,7.129032258
1293,7/17/2020,Positive,8
1294,7/18/2020,Neutral,4.903225806
1295,7/19/2020,Neutral,6.161290323
1296,7/20/2020,Positive,6.548387097
1297,7/21/2020,Neutral,5.774193548
1298,7/22/2020,Neutral,5.483870968
1299,7/23/2020,Neutral,5.129032258
1300,7/24/2020,Positive,7.903225806
1301,7/25/2020,Positive,7.129032258
1302,7/26/2020,Neutral,4.193548387
1303,7/27/2020,Neutral,5
1304,7/28/2020,Neutral,5.967741935
1305,7/29/2020,Positive,6.548387097
1306,7/30/2020,Positive,7.258064516
1307,7/31/2020,Neutral,5
1308,8/1/2020,positive,7.129032258
1309,8/2/2020,Neutral,5.387096774
1310,8/3/2020,Positive,6.64516129
1311,8/4/2020,Positive,6.64516129
1312,8/5/2020,Positive,7.838709677
1313,8/6/2020,Neutral,5
1314,8/7/2020,Positive,7.806451613
1315,8/8/2020,Positive,7.709677419
1316,8/9/2020,Positive,7.806451613
1317,8/10/2020,Positive,6.806451613
1318,8/11/2020,Neutral,5.193548387
1319,8/12/2020,Positive,6.548387097
1320,8/13/2020,Neutral,5.483870968
1321,8/14/2020,Negative,3.35483871
1322,8/15/2020,Positive,6.129032258
1323,8/16/2020,Positive,5.903225806
1324,8/17/2020,Positive,7.064516129
1325,8/18/2020,Neutral,5.096774194
1326,8/19/2020,Neutral,5
1327,8/20/2020,Neutral,4.838709677
1328,8/21/2020,Neutral,5
1329,8/22/2020,Neutral,5.258064516
1330,8/23/2020,Negative,3.4
1331,8/24/2020,Neutral,4.935483871
1332,8/25/2020,Neutral,5.774193548
1333,8/26/2020,Neutral,5.774193548
1334,8/27/2020,positive,6.225806452
1335,8/28/2020,Positive,6.161290323
1336,8/29/2020,Neutral,4.612903226
1337,8/30/2020,Neutral,5.580645161
1338,8/31/2020,Neutral,5
1339,9/1/2020,Neutral,4.322580645
1340,9/2/2020,Positive,7.709677419
1341,9/3/2020,Positive,7.387096774
1342,9/4/2020,Positive,6.548387097
1343,9/5/2020,Negative,4.741935484
1344,9/6/2020,Neutral,5.483870968
1345,9/7/2020,Positive,6.161290323
1346,9/8/2020,Neutral,5.161290323
1347,9/9/2020,Neutral,5
1348,9/10/2020,Neutral,5.387096774
1349,9/11/2020,Positive,6.548387097
1350,9/12/2020,Positive,6.612903226
1351,9/13/2020,Neutral,5.548387097
1352,9/14/2020,Neutral,5.387096774
1353,9/15/2020,Neutral,5.483870968
1354,9/16/2020,Neutral,5.35483871
1355,9/17/2020,Neutral,5.483870968
1356,9/18/2020,Positive,6.35483871
1357,9/19/2020,Neutral,5.387096774
1358,9/20/2020,Positive,6.387096774
1359,9/21/2020,Neutral,5
1360,9/22/2020,Neutral,5
1361,9/23/2020,Neutral,5.677419355
1362,9/24/2020,Neutral,5.967741935
1363,9/25/2020,Positive,8
1364,9/26/2020,Positive,7.322580645
1365,9/27/2020,neutral,5.516129032
1366,9/28/2020,Positive,6.612903226
1367,9/29/2020,Positive,5.967741935
1368,9/30/2020,Positive.,7.322580645
1369,10/1/2020,positive,6.548387097
1370,10/2/2020,Neutral,4.806451613
1371,10/3/2020,Neutral,5.096774194
1372,10/4/2020,positive,6.032258065
1373,10/5/2020,Neutral,5
1374,10/6/2020,Positive,6.451612903
1375,10/7/2020,Positive,6.935483871
1376,10/8/2020,Positive,7.903225806
1377,10/9/2020,Neutral,5.096774194
1378,10/10/2020,Neutral,5
1379,10/11/2020,Negative,3.838709677
1380,10/12/2020,Neutral,5.258064516
1381,10/13/2020,Positive,5.774193548
1382,10/14/2020,Neutral,5.193548387
1383,10/15/2020,Positive,7.903225806
1384,10/16/2020,Neutral,5.193548387
1385,10/17/2020,Negative,3.161290323
1386,10/18/2020,Neutral,5
1387,10/19/2020,Neutral,5.193548387
1388,10/20/2020,Negative,4.741935484
1389,10/21/2020,Positive,6.35483871
1390,10/22/2020,Neutral,5
1391,10/23/2020,Positive,6.64516129
1392,10/24/2020,positive,6.548387097
1393,10/25/2020,positive,6.677419355
1394,10/26/2020,Neutral,5.6
1395,10/27/2020,positive,7.580645161
1396,10/28/2020,Neutral,6.161290323
1397,10/29/2020,Neutral,5.193548387
1398,10/30/2020,Neutral,5.483870968
1399,10/31/2020,Neutral,5
1400,11/1/2020,positive,6.548387097
1401,11/2/2020,Neutral,5.193548387
1402,11/3/2020,Negative,4.225806452
1403,11/4/2020,Positive,7.322580645
1404,11/5/2020,Neutral,4.903225806
1405,11/6/2020,Negative,2.483870968
1406,11/7/2020,Neutral,4.903225806
1407,11/8/2020,Neutral,5.193548387
1408,11/9/2020,Positive,6.419354839
1409,11/10/2020,Neutral,4.612903226
1410,11/11/2020,Positive,7.709677419
1411,11/12/2020,Neutral,5.193548387
1412,11/13/2020,Neutral,4.709677419
1413,11/14/2020,Positive,7.322580645
1414,11/15/2020,Positive,6.64516129
1415,11/16/2020,Neutral,5.193548387
1416,11/17/2020,Neutral,5
1417,11/18/2020,Negative,4.225806452
1418,11/19/2020,Positive,6.032258065
1419,11/20/2020,Positive,6.548387097
1420,11/21/2020,Neutral,5
1421,11/22/2020,Neutral,5.451612903
1422,11/23/2020,Neutral,5.677419355
1423,11/24/2020,Positive,7.612903226
1424,11/25/2020,Positive,6.548387097
1425,11/26/2020,Neutral,5.451612903
1426,11/27/2020,Positive,6.580645161
1427,11/28/2020,Positive,6.64516129
1428,11/29/2020,Neutral,5.129032258
1429,11/30/2020,Positive,7.225806452
1430,12/1/2020,Neutral,5.193548387
1431,12/2/2020,Negative,3.129032258
1432,12/3/2020,Positive,6.548387097
1433,12/4/2020,Positive,6.064516129
1434,12/5/2020,Neutral,5.774193548
1435,12/6/2020,positive,6.032258065
1436,12/7/2020,positive,5.774193548
1437,12/8/2020,Neutral,6.064516129
1438,12/9/2020,Neutral,5.096774194
1439,12/10/2020,Negative,3.548387097
1440,12/11/2020,Positive,6.935483871
1441,12/12/2020,Positive,6.64516129
1442,12/13/2020,Positive,7.064516129
1443,12/14/2020,Neutral,4.838709677
1444,12/15/2020,Positive,7.258064516
1445,12/16/2020,Positive,6.516129032
1446,12/17/2020,Neutral,4.903225806
1447,12/18/2020,Neutral,5.258064516
1448,12/19/2020,Negative,3.64516129
1449,12/20/2020,Neutral,5
1450,12/21/2020,Neutral,5.387096774
1451,12/22/2020,Positive,7.838709677
1452,12/23/2020,Positive,6
1453,12/24/2020,Positive,6.419354839
1454,12/25/2020,Positive,6.548387097
1455,12/26/2020,Neutral,5.193548387
1456,12/27/2020,Neutral,5
1457,12/28/2020,Neutral.,5
1458,12/29/2020,Negative,3.967741935
1459,12/30/2020,Positive,7.709677419
1460,12/31/2020,Neutral,6.032258065
1461,1/1/2021,Neutral,5
1462,1/2/2021,Neutral,5.387096774
1463,1/3/2021,Neutral,5.064516129
1464,1/4/2021,Positive,7
1465,1/5/2021,Neutral,5.193548387
1466,1/6/2021,Positive,6.935483871
1467,1/7/2021,Positive,7.709677419
1468,1/8/2021,Positive,8.032258065
1469,1/9/2021,Positive,7.387096774
1470,1/10/2021,Positive,6.225806452
1471,1/11/2021,Neutral,5
1472,1/12/2021,Positive,7.967741935
1473,1/13/2021,Positive,6.35483871
1474,1/14/2021,Positive,7.806451613
1475,1/15/2021,Positive,6.419354839
1476,1/16/2021,Positive,6.35483871
1477,1/17/2021,Positive,6.451612903
1478,1/18/2021,Neutral,5.387096774
1479,1/19/2021,Positive,7.322580645
1480,1/20/2021,Positive,6.741935484
1481,1/21/2021,Positive,6.419354839
1482,1/22/2021,Positive,7.032258065
1483,1/23/2021,Positive,7.322580645
1484,1/24/2021,Neutral,5
1485,1/25/2021,Positive,7.322580645
1486,1/26/2021,Neutral,5.193548387
1487,1/27/2021,Neutral,5
1488,1/28/2021,Positive,6.419354839
1489,1/29/2021,Neutral,5.096774194
1490,1/30/2021,Neutral,5.677419355
1491,1/31/2021,Positive,7.064516129
1492,2/1/2021,Neutral,5.774193548
1493,2/2/2021,positive,7.064516129
1494,2/3/2021,Positive,6.64516129
1495,2/4/2021,Neutral,6.032258065
1496,2/5/2021,Negative,3.35483871
1497,2/6/2021,Neutral,5
1498,2/7/2021,Positive,6.548387097
1499,2/8/2021,Neutral,5.096774194
1500,2/9/2021,Positive,7.032258065
1501,2/10/2021,Negative,3.774193548
1502,2/11/2021,Positive,6.032258065
1503,2/12/2021,Neutral,4.806451613
1504,2/13/2021,Neutral,5.774193548
1505,2/14/2021,Neutral,5
1506,2/15/2021,Positive,7
1507,2/16/2021,Positive,7.806451613
1508,2/17/2021,Positive,7.225806452
1509,2/18/2021,Positive,6.935483871
1510,2/19/2021,Positive,7.129032258
1511,2/20/2021,Neutral,5.193548387
1512,2/21/2021,Neutral,5.193548387
1513,2/22/2021,Neutral,5.387096774
1514,2/23/2021,Neutral,4.322580645
1515,2/24/2021,Neutral,5.838709677
1516,2/25/2021,Positive,6.64516129
1517,2/26/2021,Positive,7.516129032
1518,2/27/2021,Positive,8
1519,2/28/2021,Positive,7
1520,3/1/2021,Neutral,5.612903226
1521,3/2/2021,Neutral,4.419354839
1522,3/3/2021,Neutral,5
1523,3/4/2021,Positive,7.322580645
1524,3/5/2021,Positive,6.967741935
1525,3/6/2021,Negative,3.677419355
1526,3/7/2021,Neutral,5
1527,3/8/2021,Positive,6.548387097
1528,3/9/2021,Positive,8
1529,3/10/2021,Neutral,6.258064516
1530,3/11/2021,Neutral,5.096774194
1531,3/12/2021,Positive,6.548387097
1532,3/13/2021,Neutral,5
1533,3/14/2021,Neutral,5
1534,3/15/2021,Neutral,5
1535,3/16/2021,Positive,6.838709677
1536,3/17/2021,Positive,7.709677419
1537,3/18/2021,Neutral,5.064516129
1538,3/19/2021,Neutral,5
1539,3/20/2021,Neutral,6.35483871
1540,3/21/2021,Neutral,5.774193548
1541,3/22/2021,Positive,6.548387097
1542,3/23/2021,Negative,4.612903226
1543,3/24/2021,Negative,2.483870968
1544,3/25/2021,positive,7.322580645
1545,3/26/2021,positive,6.548387097
1546,3/27/2021,Positive,7.322580645
1547,3/28/2021,Neutral,5
1548,3/29/2021,Positive,6.548387097
1549,3/30/2021,Neutral,3.709677419
1550,3/31/2021,Neutral,6.161290323
1551,4/1/2021,Negative,4.064516129
1552,4/2/2021,Neutral,6.161290323
1553,4/3/2021,Negative,2.806451613
1554,4/4/2021,Negative,3.258064516
1555,4/5/2021,Neutral,4.903225806
1556,4/6/2021,Neutral,4.096774194
1557,4/7/2021,Neutral,5
1558,4/8/2021,Neutral,5
1559,4/9/2021,Positive,5.967741935
1560,4/10/2021,Neutral,5.774193548
1561,4/11/2021,positive,6.548387097
1562,4/12/2021,Neutral,5
1563,4/13/2021,Negative,3.548387097
1564,4/14/2021,Neutral,5
1565,4/15/2021,Positive,6.741935484
1566,4/16/2021,Neutral,5.451612903
1567,4/17/2021,Neutral,5.806451613
1568,4/18/2021,Neutral,4.451612903
1569,4/19/2021,Negative,3.064516129
1570,4/20/2021,Positive,7.258064516
1571,4/21/2021,Positive,6.935483871
1572,4/22/2021,Positive,7.290322581
1573,4/23/2021,Positive,7.322580645
1574,4/24/2021,Neutral,5.870967742
1575,4/25/2021,Neutral,5
1576,4/26/2021,Positive,7.322580645
1577,4/27/2021,Neutral,4.806451613
1578,4/28/2021,Positive,6.677419355
1579,4/29/2021,Neutral,5.580645161
1580,4/30/2021,Neutral,4.806451613
1581,5/1/2021,Negative,3.838709677
1582,5/2/2021,Positive,6.548387097
1583,5/3/2021,Neutral,5
1584,5/4/2021,Positive,5.612903226
1585,5/5/2021,Positive,6.741935484
1586,5/6/2021,positive,6.419354839
1587,5/7/2021,Positive,6.548387097
1588,5/8/2021,Neutral,5.258064516
1589,5/9/2021,Neutral,5.096774194
1590,5/10/2021,positive,7.580645161
1591,5/11/2021,Neutral,4.741935484
1592,5/12/2021,Neutral,4.677419355
1593,5/13/2021,Positive,7.193548387
1594,5/14/2021,Negative,2.870967742
1595,5/15/2021,Positive,6.290322581
1596,5/16/2021,Neutral,5
1597,5/17/2021,Neutral,5.096774194
1598,5/18/2021,Positive,7
1599,5/19/2021,Positive.,6.322580645
1600,5/20/2021,Negative,4.548387097
1601,5/21/2021,Neutral,5.516129032
1602,5/22/2021,Neutral,5.193548387
1603,5/23/2021,Neutral,5.193548387
1604,5/24/2021,Neutral,3.580645161
1605,5/25/2021,Positive,5.870967742
1606,5/26/2021,Neutral,5.193548387
1607,5/27/2021,Positive,6.935483871
1608,5/28/2021,Neutral,4.322580645
1609,5/29/2021,Neutral,4.903225806
1610,5/30/2021,Positive,5.387096774
1611,5/31/2021,Positive,5.774193548
1612,6/1/2021,Negative,3.967741935
1613,6/2/2021,Negative,4.838709677
1614,6/3/2021,Neutral,5
1615,6/4/2021,Neutral,5.064516129
1616,6/5/2021,Neutral,5.967741935
1617,6/6/2021,Neutral,5
1618,6/7/2021,Neutral,5.774193548
1619,6/8/2021,Neutral,5.387096774
1620,6/9/2021,Negative,3.548387097
1621,6/10/2021,Neutral,4.709677419
1622,6/11/2021,Positive,5.64516129
1623,6/12/2021,Positive,7.838709677
1624,6/13/2021,Neutral,4.838709677
1625,6/14/2021,Positive,6.35483871
1626,6/15/2021,Neutral,6.064516129
1627,6/16/2021,Negative,4.290322581
1628,6/17/2021,Negative,3.774193548
1629,6/18/2021,Negative,2.419354839
1630,6/19/2021,Positive,6.677419355
1631,6/20/2021,Neutral,5.193548387
1632,6/21/2021,Neutral,3.838709677
1633,6/22/2021,Neutral,6
1634,6/23/2021,Positive,7.032258065
1635,6/24/2021,Neutral,5.967741935
1636,6/25/2021,Positive,7.35483871
1637,6/26/2021,Positive,7.806451613
1638,6/27/2021,Positive,7.322580645
1639,6/28/2021,Neutral,5.290322581
1640,6/29/2021,Positive,7.709677419
1641,6/30/2021,positive,6.741935484
1642,7/1/2021,Neutral,5.451612903
1643,7/2/2021,Positive,7.419354839
1644,7/3/2021,Positive,6.548387097
1645,7/4/2021,Neutral,5
1646,7/5/2021,Neutral,5.774193548
1647,7/6/2021,Positive,7.806451613
1648,7/7/2021,Positive,6.935483871
1649,7/8/2021,Positive,7.516129032
1650,7/9/2021,Positive,6.387096774
1651,7/10/2021,Positive,7.322580645
1652,7/11/2021,Positive,6.548387097
1653,7/12/2021,Positive,6.548387097
1654,7/13/2021,Positive,7.225806452
1655,7/14/2021,Negative,3.290322581
1656,7/15/2021,Positive,7
1657,7/16/2021,Positive,7.677419355
1658,7/17/2021,Positive,7.709677419
1659,7/18/2021,Neutral,4.419354839
1660,7/19/2021,Neutral,6.161290323
1661,7/20/2021,Neutral,5.258064516
1662,7/21/2021,Neutral,5.161290323
1663,7/22/2021,Positive,6.548387097
1664,7/23/2021,Neutral,5.258064516
1665,7/24/2021,Neutral,5.516129032
1666,7/25/2021,Neutral,4.612903226
1667,7/26/2021,Positive,6.451612903
1668,7/27/2021,Negative,4.612903226
1669,7/28/2021,Positive,6.161290323
1670,7/29/2021,positive,7.838709677
1671,7/30/2021,Positive,7.967741935
1672,7/31/2021,Positive,7.322580645
1673,8/1/2021,Positive,6.935483871
1674,8/2/2021,Positive,7.516129032
1675,8/3/2021,Positive,7.258064516
1676,8/4/2021,Neutral,5.387096774
1677,8/5/2021,Neutral,5.387096774
1678,8/6/2021,Neutral,5
1679,8/7/2021,Neutral,4.741935484
1680,8/8/2021,Positive,7.419354839
1681,8/9/2021,Neutral,5.193548387
1682,8/10/2021,Positive,6.548387097
1683,8/11/2021,Neutral,4.548387097
1684,8/12/2021,Neutral,5.387096774
1685,8/13/2021,Neutral,5.580645161
1686,8/14/2021,Negative,3.193548387
1687,8/15/2021,Neutral,5.516129032
1688,8/16/2021,Positive,7.419354839
1689,8/17/2021,Positive,7.516129032
1690,8/18/2021,Positive,6.548387097
1691,8/19/2021,Positive,7.967741935
1692,8/20/2021,Negative,3.64516129
1693,8/21/2021,Neutral,5.483870968
1694,8/22/2021,Neutral,5
1695,8/23/2021,Positive,6.032258065
1696,8/24/2021,Neutral,5.35483871
1697,8/25/2021,Neutral,5.387096774
1698,8/26/2021,Positive,7.741935484
1699,8/27/2021,Neutral,5.774193548
1700,8/28/2021,Neutral,6.161290323
1701,8/29/2021,Neutral,5.193548387
1702,8/30/2021,Neutral,5.096774194
1703,8/31/2021,Positive,6.548387097
1704,9/1/2021,Neutral,5.451612903
1705,9/2/2021,Neutral,5.193548387
1706,9/3/2021,Neutral,5.35483871
1707,9/4/2021,Neutral,5
1708,9/5/2021,positive,6.225806452
1709,9/6/2021,Neutral,4.516129032
1710,9/7/2021,Positive,7.322580645
1711,9/8/2021,Positive,7.806451613
1712,9/9/2021,Positive,8
1713,9/10/2021,Positive,6.548387097
1714,9/11/2021,Positive,6.548387097
1715,9/12/2021,positive,5.64516129
1716,9/13/2021,Positive,6.677419355
1717,9/14/2021,Negative,3.322580645
1718,9/15/2021,Neutral,5.451612903
1719,9/16/2021,Neutral,5.096774194
1720,9/17/2021,Neutral,4.451612903
1721,9/18/2021,Neutral,5
1722,9/19/2021,Neutral,6.161290323
1723,9/20/2021,Positive,6.64516129
1724,9/21/2021,Negative,4.096774194
1725,9/22/2021,Neutral,5.774193548
1726,9/23/2021,Neutral,5.774193548
1727,9/24/2021,positive,6.548387097
1728,9/25/2021,Neutral,5.387096774
1729,9/26/2021,Positive,6.548387097
1730,9/27/2021,Neutral,5
1731,9/28/2021,positive,6.548387097
1732,9/29/2021,Neutral,5.064516129
1733,9/30/2021,Positive,7.096774194
1734,10/1/2021,Positive,7.032258065
1735,10/2/2021,positive,6.903225806
1736,10/3/2021,positive,6.548387097
1737,10/4/2021,Neutral,5.129032258
1738,10/5/2021,positive,7.064516129
1739,10/6/2021,Positive,6.548387097
1740,10/7/2021,Positive,6.548387097
1741,10/8/2021,Positive,7.903225806
1742,10/9/2021,Neutral,5.096774194
1743,10/10/2021,Negative,3.64516129
1744,10/11/2021,Negative,1.64516129
1745,10/12/2021,Neutral,6.35483871
1746,10/13/2021,Neutral,5.193548387
1747,10/14/2021,Neutral,5.483870968
1748,10/15/2021,Negative,2.419354839
1749,10/16/2021,Positive,7.709677419
1750,10/17/2021,Negative,2.142857143
1751,10/18/2021,Neutral,5
1752,10/19/2021,Positive,7.516129032
1753,10/20/2021,Positive,7.322580645
1754,10/21/2021,Neutral,5
1755,10/22/2021,Positive,6.838709677
1756,10/23/2021,Negative,3.451612903
1757,10/24/2021,Neutral,5
1758,10/25/2021,Positive,5.451612903
1759,10/26/2021,Positive,7.129032258
1760,10/27/2021,Neutral,5.967741935
1761,10/28/2021,Neutral,5.129032258
1762,10/29/2021,positive,7.548387097
1763,10/30/2021,Positive,6.935483871
1764,10/31/2021,Neutral,5.483870968
1765,11/1/2021,Positive,6.903225806
1766,11/2/2021,Neutral,5.580645161
1767,11/3/2021,Positive,6.709677419
1768,11/4/2021,Neutral,6.35483871
1769,11/5/2021,Positive,7.516129032
1770,11/6/2021,Positive,6.548387097
1771,11/7/2021,Positive,7.709677419
1772,11/8/2021,Positive,6.741935484
1773,11/9/2021,Positive,8
1774,11/10/2021,positive,7.806451613
1775,11/11/2021,Positive,6.548387097
1776,11/12/2021,Positive,7.709677419
1777,11/13/2021,Neutral,6.161290323
1778,11/14/2021,Positive,6.548387097
1779,11/15/2021,Neutral,5.774193548
1780,11/16/2021,Negative,3.258064516
1781,11/17/2021,Negative,3.129032258
1782,11/18/2021,Neutral,5.193548387
1783,11/19/2021,Neutral,5.774193548
1784,11/20/2021,Negative,3.451612903
1785,11/21/2021,Neutral,5.032258065
1786,11/22/2021,Positive,6.096774194
1787,11/23/2021,Positive,7.806451613
1788,11/24/2021,Positive,6.935483871
1789,11/25/2021,Neutral,5
1790,11/26/2021,Positive,7.032258065
1791,11/27/2021,Positive,6.548387097
1792,11/28/2021,Positive,5.935483871
1793,11/29/2021,Negative,4.129032258
1794,11/30/2021,Positive,6.548387097
1795,12/1/2021,Positive,6.935483871
1796,12/2/2021,Neutral,5.193548387
1797,12/3/2021,Neutral,5.193548387
1798,12/4/2021,Neutral,5
1799,12/5/2021,Neutral,6.161290323
1800,12/6/2021,neutral,5.870967742
1801,12/7/2021,Negative,4.612903226
1802,12/8/2021,Neutral,5
1803,12/9/2021,Neutral,5.193548387
1804,12/10/2021,Positive,7.709677419
1805,12/11/2021,Neutral,3.741935484
1806,12/12/2021,Positive,6.548387097
1807,12/13/2021,Positive,5.129032258
1808,12/14/2021,Negative,2.903225806
1809,12/15/2021,Positive,5.129032258
1810,12/16/2021,Neutral,5.967741935
1811,12/17/2021,positive,5.774193548
1812,12/18/2021,Neutral,5.193548387
1813,12/19/2021,Neutral,5.580645161
1814,12/20/2021,Neutral,5
1815,12/21/2021,Neutral,5
1816,12/22/2021,Neutral,5.612903226
1817,12/23/2021,Neutral,5.193548387
1818,12/24/2021,Neutral,5
1819,12/25/2021,Neutral,5.774193548
1820,12/26/2021,Neutral,5
1821,12/27/2021,Neutral,5
1822,12/28/2021,Neutral,5.290322581
1823,12/29/2021,Neutral,5
1824,12/30/2021,Neutral,5.193548387
1825,12/31/2021,Negative,4.548387097
1826,1/1/2022,Positive,7.419354839
1827,1/2/2022,Negative,1.933333333
1828,1/3/2022,Neutral,4
1829,1/4/2022,Positive,4.903225806
1830,1/5/2022,Negative,1.032258065
1831,1/6/2022,Positive,7.516129032
1832,1/7/2022,Neutral,4.612903226
1833,1/8/2022,Positive,6.741935484
1834,1/9/2022,Negative,2.612903226
1835,1/10/2022,Positive,6.032258065
1836,1/11/2022,Neutral,5
1837,1/12/2022,Negative,3.741935484
1838,1/13/2022,Neutral,4.483870968
1839,1/14/2022,Negative,3.838709677
1840,1/15/2022,Positive,7.161290323
1841,1/16/2022,Positive,6.548387097
1842,1/17/2022,Neutral,5.193548387
1843,1/18/2022,Positive,6.451612903
1844,1/19/2022,neutral,5
1845,1/20/2022,Positive,6.935483871
1846,1/21/2022,Neutral,5.258064516
1847,1/22/2022,Positive,7.709677419
1848,1/23/2022,Neutral,5.774193548
1849,1/24/2022,Positive,6.548387097
1850,1/25/2022,Neutral,5.870967742
1851,1/26/2022,Positive,5.129032258
1852,1/27/2022,Negative,3.548387097
1853,1/28/2022,Negative,4.580645161
1854,1/29/2022,Positive,7.903225806
1855,1/30/2022,Positive,7.935483871
1856,1/31/2022,Positive,5.935483871
1857,2/1/2022,Positive,7.709677419
1858,2/2/2022,Negative,3.903225806
1859,2/3/2022,Neutral,3.903225806
1860,2/4/2022,Positive,7.161290323
1861,2/5/2022,Neutral,4.35483871
1862,2/6/2022,Positive,7.709677419
1863,2/7/2022,Positive,6.548387097
1864,2/8/2022,Positive,6.806451613
1865,2/9/2022,Negative,3.903225806
1866,2/10/2022,Positive,6.548387097
1867,2/11/2022,Positive,6.548387097
1868,2/12/2022,Positive,6.258064516
1869,2/13/2022,Positive,6.741935484
1870,2/14/2022,Neutral,5.483870968
1871,2/15/2022,Neutral,4.806451613
1872,2/16/2022,Positive,5.774193548
1873,2/17/2022,Neutral,5.870967742
1874,2/18/2022,Neutral,5.290322581
1875,2/19/2022,Neutral,5.096774194
1876,2/20/2022,Neutral,5
1877,2/21/2022,Positive,7.064516129
1878,2/22/2022,Neutral,5.870967742
1879,2/23/2022,Positive,7.322580645
1880,2/24/2022,Neutral,4.387096774
1881,2/25/2022,neutral,5
1882,2/26/2022,Positive,7.322580645
1883,2/27/2022,Neutral,4.64516129
1884,2/28/2022,Positive,6.806451613
1885,3/1/2022,Neutral,5.387096774
1886,3/2/2022,Neutral,4.225806452
1887,3/3/2022,positive,6.935483871
1888,3/4/2022,Neutral,6.064516129
1889,3/5/2022,Neutral,5.193548387
1890,3/6/2022,Neutral,4.548387097
1891,3/7/2022,Neutral,5
1892,3/8/2022,Positive,6.806451613
1893,3/9/2022,Negative,3.419354839
1894,3/10/2022,Neutral,4.903225806
1895,3/11/2022,Negative,3.64516129
1896,3/12/2022,Negative,2.741935484
1897,3/13/2022,Neutral,5.322580645
1898,3/14/2022,Neutral,4.870967742
1899,3/15/2022,Neutral,4.612903226
1900,3/16/2022,Positive,6.35483871
1901,3/17/2022,Positive,6.935483871
1902,3/18/2022,Negative,4.225806452
1903,3/19/2022,Positive,6.032258065
1904,3/20/2022,Negative,3.35483871
1905,3/21/2022,Neutral,5.387096774
1906,3/22/2022,Positive,5.967741935
1907,3/23/2022,Negative,4.35483871
1908,3/24/2022,Neutral,5.516129032
1909,3/25/2022,Neutral,5
1910,3/26/2022,Neutral,4.806451613
1911,3/27/2022,Neutral,4.709677419
1912,3/28/2022,Neutral,5.709677419
1913,3/29/2022,Neutral,5.483870968
1914,3/30/2022,Positive,7.129032258
1915,3/31/2022,Positive,6.64516129
1916,4/1/2022,Positive,6.548387097
1917,4/2/2022,Positive,7
1918,4/3/2022,Positive,6.548387097
1919,4/4/2022,Positive,6.548387097
1920,4/5/2022,Neutral,4.903225806
1921,4/6/2022,Positive,5.967741935
1922,4/7/2022,Neutral,5
1923,4/8/2022,Neutral,5
1924,4/9/2022,Neutral,5
1925,4/10/2022,Neutral,5
1926,4/11/2022,Positive,6.806451613
1927,4/12/2022,Neutral,5
1928,4/13/2022,neutral,5.774193548
1929,4/14/2022,Neutral,5.451612903
1930,4/15/2022,Neutral,3.571428571
1931,4/16/2022,Negative,3.8
1932,4/17/2022,Neutral,5.129032258
1933,4/18/2022,Neutral,5
1934,4/19/2022,Neutral,5
1935,4/20/2022,Neutral,5.032258065
1936,4/21/2022,Neutral,4.806451613
1937,4/22/2022,Positive,5.333333333
1938,4/23/2022,positive,6
1939,4/24/2022,Positive,5.774193548
1940,4/25/2022,Neutral,4.903225806
1941,4/26/2022,Positive,6.548387097
1942,4/27/2022,Positive,7.064516129
1943,4/28/2022,Positive,6.225806452
1944,4/29/2022,Neutral,5
1945,4/30/2022,Neutral,4.193548387
1946,5/1/2022,Neutral,5
1947,5/2/2022,Positive,6.548387097
1948,5/3/2022,Neutral,5
1949,5/4/2022,Neutral,4.225806452
1950,5/5/2022,Neutral,5.774193548
1951,5/6/2022,Neutral,5.290322581
1952,5/7/2022,Neutral,5
1953,5/8/2022,Neutral,5.387096774
1954,5/9/2022,Neutral,5.096774194
1955,5/10/2022,Neutral,5.032258065
1956,5/11/2022,Negative,3.580645161
1957,5/12/2022,Neutral,5
1958,5/13/2022,Neutral,5.258064516
1959,5/14/2022,Neutral,5.571428571
1960,5/15/2022,Neutral,5.258064516
1961,5/16/2022,Neutral,6
1962,5/17/2022,Neutral,5.516129032
1963,5/18/2022,Positive,6.451612903
1964,5/19/2022,Positive,5.967741935
1965,5/20/2022,Neutral,5
1966,5/21/2022,Neutral,4.285714286
1967,5/22/2022,Neutral,5
1968,5/23/2022,Neutral,4.483870968
1969,5/24/2022,Negative,4.161290323
1970,5/25/2022,Neutral,5.774193548
1971,5/26/2022,Neutral,5.096774194
1972,5/27/2022,Neutral,4.322580645
1973,5/28/2022,positive,6.935483871
1974,5/29/2022,Positive,7.774193548
1975,5/30/2022,Positive,6.35483871
1976,5/31/2022,Neutral,6.032258065
1977,6/1/2022,Neutral,5.258064516
1978,6/2/2022,Neutral,5
1979,6/3/2022,Positive,5.129032258
1980,6/4/2022,Negative,3.387096774
1981,6/5/2022,Negative,4.161290323
1982,6/6/2022,Negative,4.612903226
1983,6/7/2022,Negative,3.935483871
1984,6/8/2022,Neutral,5.967741935
1985,6/9/2022,Neutral,4.225806452
1986,6/10/2022,Neutral,5.666666667
1987,6/11/2022,Neutral,4.677419355
1988,6/12/2022,Positive,5.709677419
1989,6/13/2022,Negative,4.322580645
1990,6/14/2022,Positive,6.935483871
1991,6/15/2022,Negative,3.548387097
1992,6/16/2022,neutral,5
1993,6/17/2022,Neutral,5
1994,6/18/2022,Positive,5.967741935
1995,6/19/2022,Neutral,5.387096774
1996,6/20/2022,Positive,7.225806452
1997,6/21/2022,Neutral,4.225806452
1998,6/22/2022,Neutral,3.516129032
1999,6/23/2022,negative,4.741935484
2000,6/24/2022,Positive,7.2
2001,6/25/2022,Neutral,4.806451613
2002,6/26/2022,Positive,6.935483871
2003,6/27/2022,Positive,7.806451613
2004,6/28/2022,Positive,6.548387097
2005,6/29/2022,positive,6.806451613
2006,6/30/2022,Positive,6.548387097
2007,7/1/2022,Positive,6.548387097
2008,7/2/2022,Positive,6.419354839
2009,7/3/2022,Neutral,5.870967742
2010,7/4/2022,Positive,6.612903226
2011,7/5/2022,Neutral,4.806451613
2012,7/6/2022,Positive,6.548387097
2013,7/7/2022,Positive,8
2014,7/8/2022,Neutral,5
2015,7/9/2022,Positive,6.548387097
2016,7/10/2022,Positive,6.096774194
2017,7/11/2022,Neutral,5
2018,7/12/2022,Neutral,5.096774194
2019,7/13/2022,Neutral,5.774193548
2020,7/14/2022,Positive,6.161290323
2021,7/15/2022,Neutral,4.451612903
2022,7/16/2022,Neutral,5.387096774
2023,7/17/2022,Positive,6.741935484
2024,7/18/2022,Positive,6.870967742
2025,7/19/2022,Neutral,5.774193548
2026,7/20/2022,Neutral,5.193548387
2027,7/21/2022,Neutral,3.666666667
2028,7/22/2022,Positive,7.333333333
2029,7/23/2022,Positive,6.774193548
2030,7/24/2022,Positive,7.322580645
2031,7/25/2022,Positive,6.548387097
2032,7/26/2022,Neutral,5
2033,7/27/2022,Negative,2.322580645
2034,7/28/2022,Negative,2.096774194
2035,7/29/2022,Neutral,3.709677419
2036,7/30/2022,Neutral,4.677419355
2037,7/31/2022,Neutral,4.967741935
2038,8/1/2022,Neutral,5.774193548
2039,8/2/2022,Positive,5.64516129
2040,8/3/2022,Neutral,5.774193548
2041,8/4/2022,Positive,6.161290323
2042,8/5/2022,Positive,6.387096774
2043,8/6/2022,Negative,2.428571429
2044,8/7/2022,Positive,6.935483871
2045,8/8/2022,Positive,6.935483871
2046,8/9/2022,Neutral,4.612903226
2047,8/10/2022,positive,6.35483871
2048,8/11/2022,Positive,6.548387097
2049,8/12/2022,positive,6.258064516
2050,8/13/2022,Neutral,5
2051,8/14/2022,Positive,7
2052,8/15/2022,Neutral,5.258064516
2053,8/16/2022,Neutral,5.258064516
2054,8/17/2022,Positive,6.548387097
2055,8/18/2022,Positive,7.419354839
2056,8/19/2022,Neutral,5
2057,8/20/2022,Positive,6.548387097
2058,8/21/2022,Neutral,5
2059,8/22/2022,Positive,6.935483871
2060,8/23/2022,Neutral,4.806451613
2061,8/24/2022,Neutral,4.225806452
2062,8/25/2022,Neutral,5.774193548
2063,8/26/2022,Neutral,5
2064,8/27/2022,Neutral,5
2065,8/28/2022,Positive,7.516129032
2066,8/29/2022,neutral,4.677419355
2067,8/30/2022,positive,7.322580645
2068,8/31/2022,Neutral,5
2069,9/1/2022,Neutral,5
2070,9/2/2022,Negative,2.225806452
2071,9/3/2022,Neutral,5.774193548
2072,9/4/2022,Neutral,5.193548387
2073,9/5/2022,Neutral,5
2074,9/6/2022,Positive,7.419354839
2075,9/7/2022,Positive,6.64516129
2076,9/8/2022,Positive,6.35483871
2077,9/9/2022,Neutral,5.774193548
2078,9/10/2022,neutral,5
2079,9/11/2022,Positive,6.548387097
2080,9/12/2022,Neutral,4.35483871
2081,9/13/2022,Neutral,5.516129032
2082,9/14/2022,positive,7.516129032
2083,9/15/2022,Neutral,5.258064516
2084,9/16/2022,Positive,6.548387097
2085,9/17/2022,positive,7
2086,9/18/2022,Neutral,5.774193548
2087,9/19/2022,Positive,7.322580645
2088,9/20/2022,Neutral,5
2089,9/21/2022,Neutral,5
2090,9/22/2022,Neutral,5.193548387
2091,9/23/2022,Neutral,5.133333333
2092,9/24/2022,Neutral,5
2093,9/25/2022,Positive,6.548387097
2094,9/26/2022,Neutral,4.419354839
2095,9/27/2022,Neutral,5
2096,9/28/2022,Neutral,6.193548387
2097,9/29/2022,Neutral,5.387096774
2098,9/30/2022,Neutral,5.096774194
2099,10/1/2022,Neutral,5
2100,10/2/2022,positive,6.032258065
2101,10/3/2022,Neutral,5.193548387
2102,10/4/2022,Positive,6.935483871
2103,10/5/2022,Positive,6.548387097
2104,10/6/2022,Neutral,6.161290323
2105,10/7/2022,Neutral,5
2106,10/8/2022,Positive,8
2107,10/9/2022,positive,7.35483871
2108,10/10/2022,Positive,6.161290323
2109,10/11/2022,Positive,6.322580645
2110,10/12/2022,Neutral,5
2111,10/13/2022,Neutral,5.258064516
2112,10/14/2022,Positive,7
2113,10/15/2022,Positive,7.571428571
2114,10/16/2022,positive,6.548387097
2115,10/17/2022,Neutral,5.580645161
2116,10/18/2022,positive,6.935483871
2117,10/19/2022,positive,6.161290323
2118,10/20/2022,Positive,6.548387097
2119,10/21/2022,Positive,6.714285714
2120,10/22/2022,Neutral,5
2121,10/23/2022,Positive,7.806451613
2122,10/24/2022,Positive,6.64516129
2123,10/25/2022,Negative,3.967741935
2124,10/26/2022,Neutral,5
2125,10/27/2022,Neutral,5
2126,10/28/2022,Neutral,5.857142857
2127,10/29/2022,Negative,1.666666667
2128,10/30/2022,Neutral,5.774193548
2129,10/31/2022,Neutral,5
2130,11/1/2022,Negative,4.741935484
2131,11/2/2022,Neutral,5.774193548
2132,11/3/2022,positive,6.032258065
2133,11/4/2022,Neutral,4.64516129
2134,11/5/2022,Positive,6.935483871
2135,11/6/2022,Neutral,5.096774194
2136,11/7/2022,Neutral,5.548387097
2137,11/8/2022,Positive,6.548387097
2138,11/9/2022,Positive,6.548387097
2139,11/10/2022,Neutral,5.709677419
2140,11/11/2022,Positive,5.857142857
2141,11/12/2022,Positive,6.838709677
2142,11/13/2022,Positive,7.032258065
2143,11/14/2022,Positive,7.032258065
2144,11/15/2022,Neutral,6.35483871
2145,11/16/2022,Positive,6.741935484
2146,11/17/2022,Neutral,3.838709677
2147,11/18/2022,Neutral,5.612903226
2148,11/19/2022,Neutral,5.387096774
2149,11/20/2022,Positive,5.806451613
2150,11/21/2022,Neutral,4.967741935
2151,11/22/2022,Neutral,5.387096774
2152,11/23/2022,Neutral,5.387096774
2153,11/24/2022,Neutral,5
2154,11/25/2022,positive,7.064516129
2155,11/26/2022,Neutral,6.161290323
2156,11/27/2022,Neutral,5
2157,11/28/2022,Positive,7
2158,11/29/2022,Neutral,5.290322581
2159,11/30/2022,Neutral,5.064516129
2160,12/1/2022,Neutral,5.838709677
2161,12/2/2022,Neutral,5.096774194
2162,12/3/2022,Neutral,3.709677419
2163,12/4/2022,Positive,6.548387097
2164,12/5/2022,Positive,6.419354839
2165,12/6/2022,Neutral,5.387096774
2166,12/7/2022,Negative,3.064516129
2167,12/8/2022,Neutral,6.161290323
2168,12/9/2022,Positive,6.387096774
2169,12/10/2022,Neutral,5.35483871
2170,12/11/2022,Negative,3.290322581
2171,12/12/2022,Positive,6.258064516
2172,12/13/2022,Positive,6.064516129
2173,12/14/2022,Positive,6.290322581
2174,12/15/2022,Positive,6.548387097
2175,12/16/2022,Neutral,4.225806452
2176,12/17/2022,Positive,6.714285714
2177,12/18/2022,Positive,7.580645161
2178,12/19/2022,Neutral,4.870967742
2179,12/20/2022,Positive,7.419354839
2180,12/21/2022,Positive,6.935483871
2181,12/22/2022,Neutral,5
2182,12/23/2022,Neutral,5
2183,12/24/2022,Positive,6.677419355
2184,12/25/2022,positive,7.032258065
2185,12/26/2022,Neutral,5
2186,12/27/2022,Neutral,5.967741935
2187,12/28/2022,Positive,7.129032258
2188,12/29/2022,Positive,7.709677419
2189,12/30/2022,neutral,5
2190,12/31/2022,positive,5.870967742
2191,1/1/2023,positive,6.806451613
2192,1/2/2023,Positive,7.322580645
2193,1/3/2023,Neutral,6.387096774
2194,1/4/2023,Positive,7
2195,1/5/2023,Positive,6.548387097
2196,1/6/2023,Neutral,5.290322581
2197,1/7/2023,Neutral,5.193548387
2198,1/8/2023,Positive,6.741935484
2199,1/9/2023,Neutral,5.483870968
2200,1/10/2023,Neutral,5.903225806
2201,1/11/2023,Positive,6.64516129
2202,1/12/2023,Neutral,4.225806452
2203,1/13/2023,Neutral,2.857142857
2204,1/14/2023,Neutral,4.741935484
2205,1/15/2023,Negative,3
2206,1/16/2023,Neutral,5
2207,1/17/2023,Positive,6.064516129
2208,1/18/2023,Neutral,5
2209,1/19/2023,Positive,6.741935484
2210,1/20/2023,Neutral,5.677419355
2211,1/21/2023,Positive,6.857142857
2212,1/22/2023,Positive,7.709677419
2213,1/23/2023,Neutral,5.387096774
2214,1/24/2023,Neutral,4.64516129
2215,1/25/2023,Positive,6.612903226
2216,1/26/2023,Neutral,5
2217,1/27/2023,Neutral,5
2218,1/28/2023,Positive,6.548387097
2219,1/29/2023,Negative,3.580645161
2220,1/30/2023,Positive,5.387096774
2221,1/31/2023,Neutral,5
2222,2/1/2023,Neutral,4.709677419
2223,2/2/2023,Positive,7.032258065
2224,2/3/2023,Negative,4.580645161
2225,2/4/2023,Positive,7.322580645
2226,2/5/2023,Neutral,5.096774194
2227,2/6/2023,Positive,7.451612903
2228,2/7/2023,Positive,7.032258065
2229,2/8/2023,Positive,5.967741935
2230,2/9/2023,Neutral,5
2231,2/10/2023,Positive,6.548387097
2232,2/11/2023,Neutral,4.258064516
2233,2/12/2023,Positive,7.709677419
2234,2/13/2023,Positive,6.612903226
2235,2/14/2023,Neutral,5.096774194
2236,2/15/2023,Positive,6.741935484
2237,2/16/2023,Positive,7.322580645
2238,2/17/2023,Neutral,3.709677419
2239,2/18/2023,Positive,7.193548387
2240,2/19/2023,Positive,7.903225806
2241,2/20/2023,Neutral,5.774193548
2242,2/21/2023,Positive,6.548387097
2243,2/22/2023,Positive,5.258064516
2244,2/23/2023,Positive,6.870967742
2245,2/24/2023,Neutral,5
2246,2/25/2023,Neutral,5.129032258
2247,2/26/2023,Positive,7.580645161
2248,2/27/2023,Positive,7.516129032
2249,2/28/2023,Positive,7.096774194
2250,3/1/2023,Neutral,5.387096774
2251,3/2/2023,Neutral,6.032258065
2252,3/3/2023,Neutral,5
2253,3/4/2023,Neutral,5
2254,3/5/2023,Positive,6.64516129
2255,3/6/2023,Positive,6.451612903
2256,3/7/2023,Neutral,6.064516129
2257,3/8/2023,Neutral,5.387096774
2258,3/9/2023,Neutral,4.483870968
2259,3/10/2023,Neutral,5.870967742
2260,3/11/2023,Positive,6.774193548
2261,3/12/2023,Neutral,5.774193548
2262,3/13/2023,Positive,7.903225806
2263,3/14/2023,Positive,7.967741935
2264,3/15/2023,Positive,8
2265,3/16/2023,Neutral,5.387096774
2266,3/17/2023,Positive,7.322580645
2267,3/18/2023,Neutral,5.387096774
2268,3/19/2023,positive,6.64516129
2269,3/20/2023,Positive,6.741935484
2270,3/21/2023,Positive,6.032258065
2271,3/22/2023,Positive,6.741935484
2272,3/23/2023,Negative,4.35483871
2273,3/24/2023,positive,7.419354839
2274,3/25/2023,Positive,7.709677419
2275,3/26/2023,Positive,7.516129032
2276,3/27/2023,Neutral,5
2277,3/28/2023,Neutral,4.612903226
2278,3/29/2023,Positive,5.903225806
2279,3/30/2023,Neutral,5.580645161
2280,3/31/2023,Positive,6.935483871
2281,4/1/2023,Positive,5.838709677
2282,4/2/2023,Positive,7.838709677
2283,4/3/2023,Neutral,5.483870968
2284,4/4/2023,Neutral,5
2285,4/5/2023,Neutral,5
2286,4/6/2023,Negative,3.612903226
2287,4/7/2023,Neutral,5.774193548
2288,4/8/2023,Neutral,5
2289,4/9/2023,Positive,7.129032258
2290,4/10/2023,Positive,6.64516129
2291,4/11/2023,Negative,3.64516129
2292,4/12/2023,Positive,7.322580645
2293,4/13/2023,Neutral,4.451612903
2294,4/14/2023,Neutral,5
2295,4/15/2023,Neutral,5
2296,4/16/2023,Positive,6.741935484
2297,4/17/2023,Neutral,6.225806452
2298,4/18/2023,Negative,4.387096774
2299,4/19/2023,Neutral,5.774193548
2300,4/20/2023,Negative,3.451612903
2301,4/21/2023,Positive,7.064516129
2302,4/22/2023,Neutral,4.612903226
2303,4/23/2023,Positive,7.322580645
2304,4/24/2023,Neutral,5
2305,4/25/2023,Negative,4.451612903
2306,4/26/2023,Neutral,5.225806452
2307,4/27/2023,Neutral,4.225806452
2308,4/28/2023,Neutral,4.677419355
2309,4/29/2023,Neutral,4.35483871
2310,4/30/2023,Positive,7.322580645
2311,5/1/2023,Neutral,5.193548387
2312,5/2/2023,Negative,3.161290323
2313,5/3/2023,Neutral,4.903225806
2314,5/4/2023,Positive,6.548387097
2315,5/5/2023,Neutral,5
2316,5/6/2023,Neutral,5.967741935
2317,5/7/2023,Positive,5.774193548
2318,5/8/2023,Neutral,5.516129032
2319,5/9/2023,Positive,7
2320,5/10/2023,Positive,6.516129032
2321,5/11/2023,Positive,7.709677419
2322,5/12/2023,Positive,7.709677419
2323,5/13/2023,Positive,7.193548387
2324,5/14/2023,Positive,7.903225806
2325,5/15/2023,Positive,7.903225806
2326,5/16/2023,Positive,7.903225806
2327,5/17/2023,Positive,7.387096774
2328,5/18/2023,Neutral,5.967741935
2329,5/19/2023,Neutral,5.580645161
2330,5/20/2023,Positive,7.903225806
2331,5/21/2023,Neutral,5.387096774
2332,5/22/2023,Positive,6.709677419
2333,5/23/2023,Positive,8
2334,5/24/2023,Positive,6.838709677
2335,5/25/2023,Neutral,5.096774194
2336,5/26/2023,Positive,6.935483871
2337,5/27/2023,Neutral,5
2338,5/28/2023,neutral,5
2339,5/29/2023,Neutral,5.967741935
2340,5/30/2023,Positive,7
2341,5/31/2023,Neutral,5.387096774
2342,6/1/2023,Positive,6.096774194
2343,6/2/2023,Neutral,5.903225806
2344,6/3/2023,Positive,6.387096774
2345,6/4/2023,Neutral,4.612903226
2346,6/5/2023,Positive,6.64516129
2347,6/6/2023,Positive,7.419354839
2348,6/7/2023,Positive,7.580645161
2349,6/8/2023,Positive,6.838709677
2350,6/9/2023,positive,6.548387097
2351,6/10/2023,Neutral,6
2352,6/11/2023,Positive,6.741935484
2353,6/12/2023,Positive,6.64516129
2354,6/13/2023,Positive,7.516129032
2355,6/14/2023,Neutral,5.064516129
2356,6/15/2023,Neutral,4.806451613
2357,6/16/2023,negative,4.838709677
2358,6/17/2023,Neutral,5
2359,6/18/2023,Negative,2.677419355
2360,6/19/2023,Positive,7.451612903
2361,6/20/2023,Positive,7.709677419
2362,6/21/2023,Positive,7.709677419
2363,6/22/2023,Positive,7.129032258
2364,6/23/2023,Neutral,5.35483871
2365,6/24/2023,Positive,6.548387097
2366,6/25/2023,Positive,7.419354839
2367,6/26/2023,Neutral,5.806451613
2368,6/27/2023,Positive,5.64516129
2369,6/28/2023,Positive,6.032258065
2370,6/29/2023,Neutral,4.838709677
2371,6/30/2023,Neutral,5.516129032
2372,7/1/2023,Neutral,4.129032258
2373,7/2/2023,Neutral,5
2374,7/3/2023,Neutral,5
2375,7/4/2023,Neutral,4.806451613
2376,7/5/2023,Neutral,4.709677419
2377,7/6/2023,Neutral,4.193548387
2378,7/7/2023,positive,6.548387097
2379,7/8/2023,Neutral,6.161290323
2380,7/9/2023,Positive,6.677419355
2381,7/10/2023,Positive,5.64516129
2382,7/11/2023,Positive,5.967741935
2383,7/12/2023,Positive,6.032258065
2384,7/13/2023,Negative,3.64516129
2385,7/14/2023,Neutral,4.903225806
2386,7/15/2023,Neutral,4.903225806
2387,7/16/2023,Positive,6.64516129
2388,7/17/2023,Positive,7.612903226
2389,7/18/2023,positive,6.741935484
2390,7/19/2023,Neutral,5.580645161
2391,7/20/2023,Positive,7.387096774
2392,7/21/2023,Positive,5.967741935
2393,7/22/2023,Positive,7.032258065
2394,7/23/2023,Neutral,5.64516129
2395,7/24/2023,Positive,6.935483871
2396,7/25/2023,Positive,6.032258065
2397,7/26/2023,Neutral,5.870967742
2398,7/27/2023,Negative,3.612903226
2399,7/28/2023,Positive,7.516129032
2400,7/29/2023,Neutral,5
2401,7/30/2023,Positive,6.548387097
2402,7/31/2023,Neutral,5.774193548
2403,8/1/2023,Positive,7.838709677
2404,8/2/2023,Positive,8.419354839
2405,8/3/2023,Positive,6.548387097
2406,8/4/2023,Positive,7.709677419
2407,8/5/2023,Positive,6.741935484
2408,8/6/2023,Positive,6.935483871
2409,8/7/2023,Neutral,4.967741935
2410,8/8/2023,Neutral,5.483870968
2411,8/9/2023,Positive,6.903225806
2412,8/10/2023,Positive,6.903225806
2413,8/11/2023,positive,6.548387097
2414,8/12/2023,Positive,6.741935484
2415,8/13/2023,Positive,7.322580645
2416,8/14/2023,Positive,6.032258065
2417,8/15/2023,Neutral,5.290322581
2418,8/16/2023,Positive,7
2419,8/17/2023,Neutral,5.870967742
2420,8/18/2023,Positive,6.548387097
2421,8/19/2023,Neutral,5.096774194
2422,8/20/2023,Positive,6.64516129
2423,8/21/2023,Neutral,5
2424,8/22/2023,Positive,6.35483871
2425,8/23/2023,positive,6.838709677
2426,8/24/2023,Neutral,5.258064516
2427,8/25/2023,Negative,3.64516129
2428,8/26/2023,Neutral,4.806451613
2429,8/27/2023,Neutral,5.387096774
2430,8/28/2023,Positive,5.838709677
2431,8/29/2023,Neutral,5.387096774
2432,8/30/2023,Neutral,6.032258065
2433,8/31/2023,Negative,3.548387097
2434,9/1/2023,Neutral,5.774193548
2435,9/2/2023,Neutral,5.290322581
2436,9/3/2023,Positive,6.322580645
2437,9/4/2023,Neutral,5.516129032
2438,9/5/2023,Positive,7.322580645
2439,9/6/2023,Neutral,5.129032258
2440,9/7/2023,Neutral,5.290322581
2441,9/8/2023,Neutral,5.677419355
2442,9/9/2023,Neutral,5.193548387
2443,9/10/2023,Neutral,5
2444,9/11/2023,Neutral,5.870967742
2445,9/12/2023,positive,6.903225806
2446,9/13/2023,positive,6.548387097
2447,9/14/2023,Neutral,5
2448,9/15/2023,Neutral,6.2
2449,9/16/2023,Neutral,5.774193548
2450,9/17/2023,Neutral,5
2451,9/18/2023,Neutral,5.193548387
2452,9/19/2023,Positive,7.903225806
2453,9/20/2023,Neutral,5.096774194
2454,9/21/2023,Positive,5.870967742
2455,9/22/2023,Neutral,4.838709677
2456,9/23/2023,Neutral,6.161290323
2457,9/24/2023,Neutral,5.193548387
2458,9/25/2023,Neutral,5.193548387
2459,9/26/2023,Positive,6.548387097
2460,9/27/2023,Neutral,4.903225806
2461,9/28/2023,Neutral,5.580645161
2462,9/29/2023,Neutral,4.419354839
2463,9/30/2023,Neutral,4.8
2464,10/1/2023,Neutral,4.225806452
