,TIMESTAMP,OPTION_TYPE,OPEN_INT
0,2017-01-02,CE,604000.0
1,2017-01-02,PE,1090000.0
2,2017-01-03,CE,804000.0
3,2017-01-03,PE,1490000.0
4,2017-01-04,CE,858000.0
5,2017-01-04,PE,1588000.0
6,2017-01-05,CE,1020000.0
7,2017-01-05,PE,1802000.0
8,2017-01-06,CE,1176000.0
9,2017-01-06,PE,2162000.0
10,2017-01-09,CE,1332000.0
11,2017-01-09,PE,2188000.0
12,2017-01-10,CE,1316000.0
13,2017-01-10,PE,2214000.0
14,2017-01-11,CE,1270000.0
15,2017-01-11,PE,2166000.0
16,2017-01-12,CE,1252000.0
17,2017-01-12,PE,2264000.0
18,2017-01-13,CE,1470000.0
19,2017-01-13,PE,2246000.0
20,2017-01-16,CE,1472000.0
21,2017-01-16,PE,2254000.0
22,2017-01-17,CE,1604000.0
23,2017-01-17,PE,2204000.0
24,2017-01-18,CE,1566000.0
25,2017-01-18,PE,2224000.0
26,2017-01-19,CE,1426000.0
27,2017-01-19,PE,2220000.0
28,2017-01-20,CE,1482000.0
29,2017-01-20,PE,2100000.0
30,2017-01-23,CE,1410000.0
31,2017-01-23,PE,2300000.0
32,2017-01-24,CE,2254000.0
33,2017-01-24,PE,3272000.0
34,2017-01-25,CE,2436000.0
35,2017-01-25,PE,3138000.0
36,2017-01-27,CE,970000.0
37,2017-01-27,PE,690000.0
38,2017-01-30,CE,1076000.0
39,2017-01-30,PE,712000.0
40,2017-01-31,CE,1122000.0
41,2017-01-31,PE,626000.0
42,2017-02-01,CE,1166000.0
43,2017-02-01,PE,640000.0
44,2017-02-02,CE,1420000.0
45,2017-02-02,PE,816000.0
46,2017-02-03,CE,1464000.0
47,2017-02-03,PE,834000.0
48,2017-02-06,CE,1450000.0
49,2017-02-06,PE,962000.0
50,2017-02-07,CE,1634000.0
51,2017-02-07,PE,992000.0
52,2017-02-08,CE,1584000.0
53,2017-02-08,PE,1040000.0
54,2017-02-09,CE,1470000.0
55,2017-02-09,PE,1202000.0
56,2017-02-10,CE,1746000.0
57,2017-02-10,PE,1394000.0
58,2017-02-13,CE,1768000.0
59,2017-02-13,PE,1394000.0
60,2017-02-14,CE,1714000.0
61,2017-02-14,PE,1574000.0
62,2017-02-15,CE,1652000.0
63,2017-02-15,PE,1556000.0
64,2017-02-16,CE,1522000.0
65,2017-02-16,PE,1732000.0
66,2017-02-17,CE,1466000.0
67,2017-02-17,PE,1890000.0
68,2017-02-20,CE,1414000.0
69,2017-02-20,PE,1936000.0
70,2017-02-21,CE,1470000.0
71,2017-02-21,PE,2078000.0
72,2017-02-22,CE,1428000.0
73,2017-02-22,PE,2138000.0
74,2017-02-23,CE,1344000.0
75,2017-02-23,PE,2152000.0
76,2017-02-27,CE,632000.0
77,2017-02-27,PE,332000.0
78,2017-02-28,CE,714000.0
79,2017-02-28,PE,358000.0
80,2017-03-01,CE,856000.0
81,2017-03-01,PE,400000.0
82,2017-03-02,CE,804000.0
83,2017-03-02,PE,420000.0
84,2017-03-03,CE,808000.0
85,2017-03-03,PE,446000.0
86,2017-03-06,CE,836000.0
87,2017-03-06,PE,482000.0
88,2017-03-07,CE,868000.0
89,2017-03-07,PE,478000.0
90,2017-03-08,CE,920000.0
91,2017-03-08,PE,470000.0
92,2017-03-09,CE,960000.0
93,2017-03-09,PE,476000.0
94,2017-03-10,CE,1004000.0
95,2017-03-10,PE,526000.0
96,2017-03-14,CE,1074000.0
97,2017-03-14,PE,560000.0
98,2017-03-15,CE,1114000.0
99,2017-03-15,PE,604000.0
100,2017-03-16,CE,1154000.0
101,2017-03-16,PE,598000.0
102,2017-03-17,CE,1126000.0
103,2017-03-17,PE,676000.0
104,2017-03-20,CE,1144000.0
105,2017-03-20,PE,662000.0
106,2017-03-21,CE,1162000.0
107,2017-03-21,PE,660000.0
108,2017-03-22,CE,1362000.0
109,2017-03-22,PE,738000.0
110,2017-03-23,CE,1536000.0
111,2017-03-23,PE,798000.0
112,2017-03-24,CE,1528000.0
113,2017-03-24,PE,798000.0
114,2017-03-27,CE,1440000.0
115,2017-03-27,PE,890000.0
116,2017-03-28,CE,1314000.0
117,2017-03-28,PE,850000.0
118,2017-03-29,CE,1192000.0
119,2017-03-29,PE,892000.0
120,2017-03-30,CE,1190000.0
121,2017-03-30,PE,906000.0
122,2017-03-31,CE,458000.0
123,2017-03-31,PE,364000.0
124,2017-04-03,CE,478000.0
125,2017-04-03,PE,412000.0
126,2017-04-05,CE,718000.0
127,2017-04-05,PE,540000.0
128,2017-04-06,CE,760000.0
129,2017-04-06,PE,588000.0
130,2017-04-07,CE,920000.0
131,2017-04-07,PE,848000.0
132,2017-04-10,CE,1194000.0
133,2017-04-10,PE,1134000.0
134,2017-04-11,CE,1142000.0
135,2017-04-11,PE,1114000.0
136,2017-04-12,CE,1100000.0
137,2017-04-12,PE,1152000.0
138,2017-04-13,CE,1106000.0
139,2017-04-13,PE,1086000.0
140,2017-04-17,CE,1082000.0
141,2017-04-17,PE,1146000.0
142,2017-04-18,CE,1062000.0
143,2017-04-18,PE,1204000.0
144,2017-04-19,CE,1044000.0
145,2017-04-19,PE,1232000.0
146,2017-04-20,CE,1108000.0
147,2017-04-20,PE,1454000.0
148,2017-04-21,CE,1378000.0
149,2017-04-21,PE,1508000.0
150,2017-04-24,CE,1458000.0
151,2017-04-24,PE,1600000.0
152,2017-04-25,CE,1486000.0
153,2017-04-25,PE,1584000.0
154,2017-04-26,CE,1674000.0
155,2017-04-26,PE,1674000.0
156,2017-04-27,CE,2932000.0
157,2017-04-27,PE,2724000.0
158,2017-04-28,CE,1182000.0
159,2017-04-28,PE,1004000.0
160,2017-05-02,CE,1256000.0
161,2017-05-02,PE,1040000.0
162,2017-05-03,CE,1344000.0
163,2017-05-03,PE,1110000.0
164,2017-05-04,CE,1316000.0
165,2017-05-04,PE,1144000.0
166,2017-05-05,CE,1276000.0
167,2017-05-05,PE,1142000.0
168,2017-05-08,CE,1310000.0
169,2017-05-08,PE,1216000.0
170,2017-05-09,CE,1352000.0
171,2017-05-09,PE,1232000.0
172,2017-05-10,CE,1288000.0
173,2017-05-10,PE,1222000.0
174,2017-05-11,CE,1196000.0
175,2017-05-11,PE,1250000.0
176,2017-05-12,CE,1392000.0
177,2017-05-12,PE,1472000.0
178,2017-05-15,CE,1254000.0
179,2017-05-15,PE,1674000.0
180,2017-05-16,CE,1324000.0
181,2017-05-16,PE,1832000.0
182,2017-05-17,CE,1294000.0
183,2017-05-17,PE,1802000.0
184,2017-05-18,CE,1210000.0
185,2017-05-18,PE,1776000.0
186,2017-05-19,CE,1282000.0
187,2017-05-19,PE,1850000.0
188,2017-05-22,CE,1260000.0
189,2017-05-22,PE,1914000.0
190,2017-05-23,CE,1166000.0
191,2017-05-23,PE,1836000.0
192,2017-05-24,CE,1118000.0
193,2017-05-24,PE,1790000.0
194,2017-05-25,CE,1054000.0
195,2017-05-25,PE,1816000.0
196,2017-05-26,CE,540000.0
197,2017-05-26,PE,296000.0
198,2017-05-29,CE,564000.0
199,2017-05-29,PE,338000.0
200,2017-05-30,CE,614000.0
201,2017-05-30,PE,360000.0
202,2017-05-31,CE,642000.0
203,2017-05-31,PE,388000.0
204,2017-06-01,CE,676000.0
205,2017-06-01,PE,424000.0
206,2017-06-02,CE,1532000.0
207,2017-06-02,PE,958000.0
208,2017-06-05,CE,1556000.0
209,2017-06-05,PE,1088000.0
210,2017-06-06,CE,1542000.0
211,2017-06-06,PE,1202000.0
212,2017-06-07,CE,1532000.0
213,2017-06-07,PE,1322000.0
214,2017-06-08,CE,1440000.0
215,2017-06-08,PE,1336000.0
216,2017-06-09,CE,1360000.0
217,2017-06-09,PE,1406000.0
218,2017-06-12,CE,1382000.0
219,2017-06-12,PE,1378000.0
220,2017-06-13,CE,1344000.0
221,2017-06-13,PE,1404000.0
222,2017-06-14,CE,1388000.0
223,2017-06-14,PE,1344000.0
224,2017-06-15,CE,1454000.0
225,2017-06-15,PE,1340000.0
226,2017-06-16,CE,1390000.0
227,2017-06-16,PE,1366000.0
228,2017-06-19,CE,1378000.0
229,2017-06-19,PE,1500000.0
230,2017-06-20,CE,1376000.0
231,2017-06-20,PE,1508000.0
232,2017-06-21,CE,1432000.0
233,2017-06-21,PE,1492000.0
234,2017-06-22,CE,1466000.0
235,2017-06-22,PE,1474000.0
236,2017-06-23,CE,1558000.0
237,2017-06-23,PE,1442000.0
238,2017-06-27,CE,1594000.0
239,2017-06-27,PE,1426000.0
240,2017-06-28,CE,1394000.0
241,2017-06-28,PE,1374000.0
242,2017-06-29,CE,1214000.0
243,2017-06-29,PE,1346000.0
244,2017-06-30,CE,368000.0
245,2017-06-30,PE,470000.0
246,2017-07-03,CE,480000.0
247,2017-07-03,PE,552000.0
248,2017-07-04,CE,550000.0
249,2017-07-04,PE,606000.0
250,2017-07-05,CE,558000.0
251,2017-07-05,PE,620000.0
252,2017-07-06,CE,586000.0
253,2017-07-06,PE,696000.0
254,2017-07-07,CE,968000.0
255,2017-07-07,PE,920000.0
256,2017-07-10,CE,1070000.0
257,2017-07-10,PE,936000.0
258,2017-07-11,CE,1076000.0
259,2017-07-11,PE,936000.0
260,2017-07-12,CE,1088000.0
261,2017-07-12,PE,890000.0
262,2017-07-13,CE,1192000.0
263,2017-07-13,PE,950000.0
264,2017-07-14,CE,1262000.0
265,2017-07-14,PE,944000.0
266,2017-07-17,CE,1242000.0
267,2017-07-17,PE,962000.0
268,2017-07-18,CE,1232000.0
269,2017-07-18,PE,916000.0
270,2017-07-19,CE,1260000.0
271,2017-07-19,PE,916000.0
272,2017-07-20,CE,1204000.0
273,2017-07-20,PE,888000.0
274,2017-07-21,CE,1032000.0
275,2017-07-21,PE,862000.0
276,2017-07-24,CE,1000000.0
277,2017-07-24,PE,880000.0
278,2017-07-25,CE,966000.0
279,2017-07-25,PE,840000.0
280,2017-07-26,CE,908000.0
281,2017-07-26,PE,750000.0
282,2017-07-27,CE,708000.0
283,2017-07-27,PE,742000.0
284,2017-07-28,CE,396000.0
285,2017-07-28,PE,186000.0
286,2017-07-31,CE,524000.0
287,2017-07-31,PE,280000.0
288,2017-08-01,CE,662000.0
289,2017-08-01,PE,400000.0
290,2017-08-02,CE,778000.0
291,2017-08-02,PE,502000.0
292,2017-08-03,CE,796000.0
293,2017-08-03,PE,588000.0
294,2017-08-04,CE,896000.0
295,2017-08-04,PE,682000.0
296,2017-08-07,CE,922000.0
297,2017-08-07,PE,686000.0
298,2017-08-08,CE,1008000.0
299,2017-08-08,PE,724000.0
300,2017-08-09,CE,990000.0
301,2017-08-09,PE,718000.0
302,2017-08-10,CE,998000.0
303,2017-08-10,PE,780000.0
304,2017-08-11,CE,1260000.0
305,2017-08-11,PE,954000.0
306,2017-08-14,CE,1410000.0
307,2017-08-14,PE,1282000.0
308,2017-08-16,CE,1444000.0
309,2017-08-16,PE,1446000.0
310,2017-08-17,CE,1568000.0
311,2017-08-17,PE,1436000.0
312,2017-08-18,CE,1494000.0
313,2017-08-18,PE,1430000.0
314,2017-08-21,CE,1396000.0
315,2017-08-21,PE,1412000.0
316,2017-08-22,CE,1410000.0
317,2017-08-22,PE,1428000.0
318,2017-08-23,CE,1454000.0
319,2017-08-23,PE,1462000.0
320,2017-08-24,CE,1332000.0
321,2017-08-24,PE,1516000.0
322,2017-08-28,CE,1262000.0
323,2017-08-28,PE,1628000.0
324,2017-08-29,CE,1472000.0
325,2017-08-29,PE,1624000.0
326,2017-08-30,CE,1490000.0
327,2017-08-30,PE,1716000.0
328,2017-08-31,CE,1486000.0
329,2017-08-31,PE,1760000.0
330,2017-09-01,CE,808000.0
331,2017-09-01,PE,454000.0
332,2017-09-04,CE,858000.0
333,2017-09-04,PE,574000.0
334,2017-09-05,CE,914000.0
335,2017-09-05,PE,638000.0
336,2017-09-06,CE,960000.0
337,2017-09-06,PE,668000.0
338,2017-09-07,CE,1070000.0
339,2017-09-07,PE,802000.0
340,2017-09-08,CE,1146000.0
341,2017-09-08,PE,932000.0
342,2017-09-11,CE,1198000.0
343,2017-09-11,PE,948000.0
344,2017-09-12,CE,1284000.0
345,2017-09-12,PE,1062000.0
346,2017-09-13,CE,1264000.0
347,2017-09-13,PE,1114000.0
348,2017-09-14,CE,1444000.0
349,2017-09-14,PE,1324000.0
350,2017-09-15,CE,1354000.0
351,2017-09-15,PE,1376000.0
352,2017-09-18,CE,1384000.0
353,2017-09-18,PE,1432000.0
354,2017-09-19,CE,1354000.0
355,2017-09-19,PE,1434000.0
356,2017-09-20,CE,1396000.0
357,2017-09-20,PE,1420000.0
358,2017-09-21,CE,1388000.0
359,2017-09-21,PE,1414000.0
360,2017-09-22,CE,1410000.0
361,2017-09-22,PE,1380000.0
362,2017-09-25,CE,1382000.0
363,2017-09-25,PE,1368000.0
364,2017-09-26,CE,1414000.0
365,2017-09-26,PE,1412000.0
366,2017-09-27,CE,1666000.0
367,2017-09-27,PE,1434000.0
368,2017-09-28,CE,1628000.0
369,2017-09-28,PE,1428000.0
370,2017-09-29,CE,1086000.0
371,2017-09-29,PE,770000.0
372,2017-10-03,CE,1356000.0
373,2017-10-03,PE,942000.0
374,2017-10-04,CE,1402000.0
375,2017-10-04,PE,934000.0
376,2017-10-05,CE,1436000.0
377,2017-10-05,PE,986000.0
378,2017-10-06,CE,1414000.0
379,2017-10-06,PE,1066000.0
380,2017-10-09,CE,1512000.0
381,2017-10-09,PE,1230000.0
382,2017-10-10,CE,1704000.0
383,2017-10-10,PE,1268000.0
384,2017-10-11,CE,1776000.0
385,2017-10-11,PE,1306000.0
386,2017-10-12,CE,1710000.0
387,2017-10-12,PE,1440000.0
388,2017-10-13,CE,1678000.0
389,2017-10-13,PE,1520000.0
390,2017-10-16,CE,1650000.0
391,2017-10-16,PE,1544000.0
392,2017-10-17,CE,1544000.0
393,2017-10-17,PE,1562000.0
394,2017-10-18,CE,1504000.0
395,2017-10-18,PE,1574000.0
396,2017-10-19,CE,1528000.0
397,2017-10-19,PE,1552000.0
398,2017-10-23,CE,1426000.0
399,2017-10-23,PE,1590000.0
400,2017-10-24,CE,1326000.0
401,2017-10-24,PE,1602000.0
402,2017-10-25,CE,1288000.0
403,2017-10-25,PE,1530000.0
404,2017-10-26,CE,1248000.0
405,2017-10-26,PE,1716000.0
406,2017-10-27,CE,627000.0
407,2017-10-27,PE,393000.0
408,2017-10-30,CE,787000.0
409,2017-10-30,PE,616000.0
410,2017-10-31,CE,1097000.0
411,2017-10-31,PE,933000.0
412,2017-11-01,CE,1646000.0
413,2017-11-01,PE,1238000.0
414,2017-11-02,CE,1685000.0
415,2017-11-02,PE,1203000.0
416,2017-11-03,CE,1646000.0
417,2017-11-03,PE,1161000.0
418,2017-11-06,CE,1684000.0
419,2017-11-06,PE,1188000.0
420,2017-11-07,CE,1650000.0
421,2017-11-07,PE,1226000.0
422,2017-11-08,CE,1639000.0
423,2017-11-08,PE,1221000.0
424,2017-11-09,CE,1606000.0
425,2017-11-09,PE,1177000.0
426,2017-11-10,CE,1532000.0
427,2017-11-10,PE,1178000.0
428,2017-11-13,CE,1601000.0
429,2017-11-13,PE,1305000.0
430,2017-11-14,CE,1617000.0
431,2017-11-14,PE,1320000.0
432,2017-11-15,CE,1640000.0
433,2017-11-15,PE,1287000.0
434,2017-11-16,CE,1665000.0
435,2017-11-16,PE,1273000.0
436,2017-11-17,CE,1606000.0
437,2017-11-17,PE,1262000.0
438,2017-11-20,CE,1646000.0
439,2017-11-20,PE,1258000.0
440,2017-11-21,CE,1630000.0
441,2017-11-21,PE,1278000.0
442,2017-11-22,CE,1552000.0
443,2017-11-22,PE,1298000.0
444,2017-11-23,CE,1580000.0
445,2017-11-23,PE,1389000.0
446,2017-11-24,CE,1636000.0
447,2017-11-24,PE,1356000.0
448,2017-11-27,CE,1473000.0
449,2017-11-27,PE,1403000.0
450,2017-11-28,CE,1397000.0
451,2017-11-28,PE,1338000.0
452,2017-11-29,CE,1260000.0
453,2017-11-29,PE,1281000.0
454,2017-11-30,CE,1163000.0
455,2017-11-30,PE,1218000.0
456,2017-12-01,CE,435000.0
457,2017-12-01,PE,203000.0
458,2017-12-04,CE,462000.0
459,2017-12-04,PE,218000.0
460,2017-12-05,CE,497000.0
461,2017-12-05,PE,269000.0
462,2017-12-06,CE,587000.0
463,2017-12-06,PE,313000.0
464,2017-12-07,CE,615000.0
465,2017-12-07,PE,377000.0
466,2017-12-08,CE,673000.0
467,2017-12-08,PE,402000.0
468,2017-12-11,CE,687000.0
469,2017-12-11,PE,462000.0
470,2017-12-12,CE,713000.0
471,2017-12-12,PE,543000.0
472,2017-12-13,CE,732000.0
473,2017-12-13,PE,528000.0
474,2017-12-14,CE,727000.0
475,2017-12-14,PE,546000.0
476,2017-12-15,CE,784000.0
477,2017-12-15,PE,622000.0
478,2017-12-18,CE,868000.0
479,2017-12-18,PE,642000.0
480,2017-12-19,CE,949000.0
481,2017-12-19,PE,831000.0
482,2017-12-20,CE,976000.0
483,2017-12-20,PE,820000.0
484,2017-12-21,CE,952000.0
485,2017-12-21,PE,805000.0
486,2017-12-22,CE,1071000.0
487,2017-12-22,PE,762000.0
488,2017-12-26,CE,1014000.0
489,2017-12-26,PE,736000.0
490,2017-12-27,CE,970000.0
491,2017-12-27,PE,703000.0
492,2017-12-28,CE,890000.0
493,2017-12-28,PE,687000.0
494,2017-12-29,CE,425000.0
495,2017-12-29,PE,269000.0
496,2018-01-01,CE,503000.0
497,2018-01-01,PE,278000.0
498,2018-01-02,CE,1008000.0
499,2018-01-02,PE,336000.0
500,2018-01-03,CE,1068000.0
501,2018-01-03,PE,390000.0
502,2018-01-04,CE,1112000.0
503,2018-01-04,PE,462000.0
504,2018-01-05,CE,1171000.0
505,2018-01-05,PE,566000.0
506,2018-01-08,CE,1263000.0
507,2018-01-08,PE,679000.0
508,2018-01-09,CE,1262000.0
509,2018-01-09,PE,714000.0
510,2018-01-10,CE,1415000.0
511,2018-01-10,PE,750000.0
512,2018-01-11,CE,1577000.0
513,2018-01-11,PE,661000.0
514,2018-01-12,CE,1657000.0
515,2018-01-12,PE,730000.0
516,2018-01-15,CE,1792000.0
517,2018-01-15,PE,868000.0
518,2018-01-16,CE,1884000.0
519,2018-01-16,PE,887000.0
520,2018-01-17,CE,1913000.0
521,2018-01-17,PE,887000.0
522,2018-01-18,CE,2062000.0
523,2018-01-18,PE,855000.0
524,2018-01-19,CE,2041000.0
525,2018-01-19,PE,900000.0
526,2018-01-22,CE,1831000.0
527,2018-01-22,PE,874000.0
528,2018-01-23,CE,1738000.0
529,2018-01-23,PE,837000.0
530,2018-01-24,CE,1566000.0
531,2018-01-24,PE,845000.0
532,2018-01-25,CE,1521000.0
533,2018-01-25,PE,812000.0
534,2018-01-29,CE,508000.0
535,2018-01-29,PE,397000.0
536,2018-01-30,CE,1725000.0
537,2018-01-30,PE,626000.0
538,2018-01-31,CE,1880000.0
539,2018-01-31,PE,688000.0
540,2018-02-01,CE,2113000.0
541,2018-02-01,PE,651000.0
542,2018-02-02,CE,2264000.0
543,2018-02-02,PE,713000.0
544,2018-02-05,CE,2457000.0
545,2018-02-05,PE,721000.0
546,2018-02-06,CE,2336000.0
547,2018-02-06,PE,729000.0
548,2018-02-07,CE,2295000.0
549,2018-02-07,PE,740000.0
550,2018-02-08,CE,2212000.0
551,2018-02-08,PE,748000.0
552,2018-02-09,CE,2161000.0
553,2018-02-09,PE,758000.0
554,2018-02-12,CE,2139000.0
555,2018-02-12,PE,759000.0
556,2018-02-14,CE,2117000.0
557,2018-02-14,PE,748000.0
558,2018-02-15,CE,2042000.0
559,2018-02-15,PE,751000.0
560,2018-02-16,CE,1947000.0
561,2018-02-16,PE,791000.0
562,2018-02-19,CE,1922000.0
563,2018-02-19,PE,769000.0
564,2018-02-20,CE,1808000.0
565,2018-02-20,PE,767000.0
566,2018-02-21,CE,1796000.0
567,2018-02-21,PE,736000.0
568,2018-02-22,CE,1765000.0
569,2018-02-22,PE,726000.0
570,2018-02-23,CE,211000.0
571,2018-02-23,PE,165000.0
572,2018-02-26,CE,293000.0
573,2018-02-26,PE,218000.0
574,2018-02-27,CE,375000.0
575,2018-02-27,PE,224000.0
576,2018-02-28,CE,409000.0
577,2018-02-28,PE,222000.0
578,2018-03-01,CE,429000.0
579,2018-03-01,PE,224000.0
580,2018-03-05,CE,570000.0
581,2018-03-05,PE,264000.0
582,2018-03-06,CE,646000.0
583,2018-03-06,PE,252000.0
584,2018-03-07,CE,651000.0
585,2018-03-07,PE,300000.0
586,2018-03-08,CE,750000.0
587,2018-03-08,PE,387000.0
588,2018-03-09,CE,788000.0
589,2018-03-09,PE,386000.0
590,2018-03-12,CE,757000.0
591,2018-03-12,PE,386000.0
592,2018-03-13,CE,767000.0
593,2018-03-13,PE,374000.0
594,2018-03-14,CE,679000.0
595,2018-03-14,PE,336000.0
596,2018-03-15,CE,678000.0
597,2018-03-15,PE,346000.0
598,2018-03-16,CE,699000.0
599,2018-03-16,PE,313000.0
600,2018-03-19,CE,799000.0
601,2018-03-19,PE,287000.0
602,2018-03-20,CE,805000.0
603,2018-03-20,PE,299000.0
604,2018-03-21,CE,864000.0
605,2018-03-21,PE,294000.0
606,2018-03-22,CE,846000.0
607,2018-03-22,PE,284000.0
608,2018-03-23,CE,807000.0
609,2018-03-23,PE,312000.0
610,2018-03-26,CE,746000.0
611,2018-03-26,PE,355000.0
612,2018-03-27,CE,732000.0
613,2018-03-27,PE,355000.0
614,2018-03-28,CE,721000.0
615,2018-03-28,PE,333000.0
616,2018-04-02,CE,325000.0
617,2018-04-02,PE,200000.0
618,2018-04-03,CE,346000.0
619,2018-04-03,PE,209000.0
620,2018-04-04,CE,388000.0
621,2018-04-04,PE,249000.0
622,2018-04-05,CE,404000.0
623,2018-04-05,PE,264000.0
624,2018-04-06,CE,427000.0
625,2018-04-06,PE,274000.0
626,2018-04-09,CE,463000.0
627,2018-04-09,PE,286000.0
628,2018-04-10,CE,525000.0
629,2018-04-10,PE,320000.0
630,2018-04-11,CE,565000.0
631,2018-04-11,PE,309000.0
632,2018-04-12,CE,569000.0
633,2018-04-12,PE,345000.0
634,2018-04-13,CE,613000.0
635,2018-04-13,PE,377000.0
636,2018-04-16,CE,705000.0
637,2018-04-16,PE,439000.0
638,2018-04-17,CE,820000.0
639,2018-04-17,PE,552000.0
640,2018-04-18,CE,820000.0
641,2018-04-18,PE,534000.0
642,2018-04-19,CE,821000.0
643,2018-04-19,PE,527000.0
644,2018-04-20,CE,743000.0
645,2018-04-20,PE,508000.0
646,2018-04-23,CE,771000.0
647,2018-04-23,PE,497000.0
648,2018-04-24,CE,772000.0
649,2018-04-24,PE,475000.0
650,2018-04-25,CE,693000.0
651,2018-04-25,PE,447000.0
652,2018-04-26,CE,660000.0
653,2018-04-26,PE,417000.0
654,2018-04-27,CE,186000.0
655,2018-04-27,PE,108000.0
656,2018-04-30,CE,242000.0
657,2018-04-30,PE,132000.0
658,2018-05-02,CE,488000.0
659,2018-05-02,PE,209000.0
660,2018-05-03,CE,569000.0
661,2018-05-03,PE,251000.0
662,2018-05-04,CE,687000.0
663,2018-05-04,PE,300000.0
664,2018-05-07,CE,743000.0
665,2018-05-07,PE,321000.0
666,2018-05-08,CE,735000.0
667,2018-05-08,PE,328000.0
668,2018-05-09,CE,752000.0
669,2018-05-09,PE,328000.0
670,2018-05-10,CE,765000.0
671,2018-05-10,PE,328000.0
672,2018-05-11,CE,778000.0
673,2018-05-11,PE,324000.0
674,2018-05-14,CE,820000.0
675,2018-05-14,PE,329000.0
676,2018-05-15,CE,934000.0
677,2018-05-15,PE,364000.0
678,2018-05-16,CE,1736000.0
679,2018-05-16,PE,799000.0
680,2018-05-17,CE,2134000.0
681,2018-05-17,PE,935000.0
682,2018-05-18,CE,2229000.0
683,2018-05-18,PE,912000.0
684,2018-05-21,CE,2260000.0
685,2018-05-21,PE,864000.0
686,2018-05-22,CE,2236000.0
687,2018-05-22,PE,829000.0
688,2018-05-23,CE,2088000.0
689,2018-05-23,PE,804000.0
690,2018-05-24,CE,2111000.0
691,2018-05-24,PE,731000.0
692,2018-05-25,CE,1936000.0
693,2018-05-25,PE,795000.0
694,2018-05-28,CE,1762000.0
695,2018-05-28,PE,744000.0
696,2018-05-29,CE,1569000.0
697,2018-05-29,PE,786000.0
698,2018-05-30,CE,1402000.0
699,2018-05-30,PE,767000.0
700,2018-05-31,CE,1312000.0
701,2018-05-31,PE,673000.0
702,2018-06-01,CE,398000.0
703,2018-06-01,PE,210000.0
704,2018-06-04,CE,607000.0
705,2018-06-04,PE,311000.0
706,2018-06-05,CE,707000.0
707,2018-06-05,PE,303000.0
708,2018-06-06,CE,730000.0
709,2018-06-06,PE,319000.0
710,2018-06-07,CE,710000.0
711,2018-06-07,PE,320000.0
712,2018-06-08,CE,669000.0
713,2018-06-08,PE,320000.0
714,2018-06-11,CE,675000.0
715,2018-06-11,PE,360000.0
716,2018-06-12,CE,689000.0
717,2018-06-12,PE,359000.0
718,2018-06-13,CE,714000.0
719,2018-06-13,PE,339000.0
720,2018-06-14,CE,699000.0
721,2018-06-14,PE,374000.0
722,2018-06-15,CE,779000.0
723,2018-06-15,PE,369000.0
724,2018-06-18,CE,828000.0
725,2018-06-18,PE,393000.0
726,2018-06-19,CE,836000.0
727,2018-06-19,PE,394000.0
728,2018-06-20,CE,855000.0
729,2018-06-20,PE,401000.0
730,2018-06-21,CE,839000.0
731,2018-06-21,PE,405000.0
732,2018-06-22,CE,833000.0
733,2018-06-22,PE,389000.0
734,2018-06-25,CE,918000.0
735,2018-06-25,PE,430000.0
736,2018-06-26,CE,1006000.0
737,2018-06-26,PE,406000.0
738,2018-06-27,CE,1040000.0
739,2018-06-27,PE,386000.0
740,2018-06-28,CE,1063000.0
741,2018-06-28,PE,339000.0
742,2018-06-29,CE,313000.0
743,2018-06-29,PE,176000.0
744,2018-07-02,CE,522000.0
745,2018-07-02,PE,241000.0
746,2018-07-03,CE,542000.0
747,2018-07-03,PE,239000.0
748,2018-07-04,CE,551000.0
749,2018-07-04,PE,275000.0
750,2018-07-05,CE,594000.0
751,2018-07-05,PE,267000.0
752,2018-07-06,CE,568000.0
753,2018-07-06,PE,223000.0
754,2018-07-09,CE,635000.0
755,2018-07-09,PE,289000.0
756,2018-07-10,CE,655000.0
757,2018-07-10,PE,282000.0
758,2018-07-11,CE,677000.0
759,2018-07-11,PE,271000.0
760,2018-07-12,CE,688000.0
761,2018-07-12,PE,256000.0
762,2018-07-13,CE,685000.0
763,2018-07-13,PE,274000.0
764,2018-07-16,CE,798000.0
765,2018-07-16,PE,283000.0
766,2018-07-17,CE,769000.0
767,2018-07-17,PE,294000.0
768,2018-07-18,CE,759000.0
769,2018-07-18,PE,268000.0
770,2018-07-19,CE,766000.0
771,2018-07-19,PE,262000.0
772,2018-07-20,CE,713000.0
773,2018-07-20,PE,275000.0
774,2018-07-23,CE,778000.0
775,2018-07-23,PE,311000.0
776,2018-07-24,CE,828000.0
777,2018-07-24,PE,389000.0
778,2018-07-25,CE,849000.0
779,2018-07-25,PE,339000.0
780,2018-07-26,CE,888000.0
781,2018-07-26,PE,261000.0
782,2018-07-27,CE,322000.0
783,2018-07-27,PE,163000.0
784,2018-07-30,CE,560000.0
785,2018-07-30,PE,289000.0
786,2018-07-31,CE,612000.0
787,2018-07-31,PE,388000.0
788,2018-08-01,CE,882000.0
789,2018-08-01,PE,638000.0
790,2018-08-02,CE,948000.0
791,2018-08-02,PE,648000.0
792,2018-08-03,CE,942000.0
793,2018-08-03,PE,663000.0
794,2018-08-06,CE,1133000.0
795,2018-08-06,PE,758000.0
796,2018-08-07,CE,1888000.0
797,2018-08-07,PE,1668000.0
798,2018-08-08,CE,1836000.0
799,2018-08-08,PE,1517000.0
800,2018-08-09,CE,1748000.0
801,2018-08-09,PE,1442000.0
802,2018-08-10,CE,1715000.0
803,2018-08-10,PE,1347000.0
804,2018-08-13,CE,1720000.0
805,2018-08-13,PE,1266000.0
806,2018-08-14,CE,1696000.0
807,2018-08-14,PE,1235000.0
808,2018-08-16,CE,1712000.0
809,2018-08-16,PE,1261000.0
810,2018-08-17,CE,1709000.0
811,2018-08-17,PE,1213000.0
812,2018-08-20,CE,2228000.0
813,2018-08-20,PE,1398000.0
814,2018-08-21,CE,2421000.0
815,2018-08-21,PE,1502000.0
816,2018-08-23,CE,2166000.0
817,2018-08-23,PE,1401000.0
818,2018-08-24,CE,2011000.0
819,2018-08-24,PE,1327000.0
820,2018-08-27,CE,1642000.0
821,2018-08-27,PE,1298000.0
822,2018-08-28,CE,1487000.0
823,2018-08-28,PE,1344000.0
824,2018-08-29,CE,1306000.0
825,2018-08-29,PE,1222000.0
826,2018-08-30,CE,1127000.0
827,2018-08-30,PE,1187000.0
828,2018-08-31,CE,820000.0
829,2018-08-31,PE,222000.0
830,2018-09-03,CE,937000.0
831,2018-09-03,PE,254000.0
832,2018-09-04,CE,994000.0
833,2018-09-04,PE,280000.0
834,2018-09-05,CE,1001000.0
835,2018-09-05,PE,259000.0
836,2018-09-06,CE,993000.0
837,2018-09-06,PE,272000.0
838,2018-09-07,CE,1121000.0
839,2018-09-07,PE,324000.0
840,2018-09-10,CE,1187000.0
841,2018-09-10,PE,333000.0
842,2018-09-11,CE,1181000.0
843,2018-09-11,PE,329000.0
844,2018-09-12,CE,1143000.0
845,2018-09-12,PE,335000.0
846,2018-09-14,CE,1127000.0
847,2018-09-14,PE,333000.0
848,2018-09-17,CE,1339000.0
849,2018-09-17,PE,346000.0
850,2018-09-18,CE,1335000.0
851,2018-09-18,PE,338000.0
852,2018-09-19,CE,1366000.0
853,2018-09-19,PE,338000.0
854,2018-09-21,CE,1321000.0
855,2018-09-21,PE,343000.0
856,2018-09-24,CE,1334000.0
857,2018-09-24,PE,315000.0
858,2018-09-25,CE,1146000.0
859,2018-09-25,PE,336000.0
860,2018-09-26,CE,1053000.0
861,2018-09-26,PE,341000.0
862,2018-09-27,CE,835000.0
863,2018-09-27,PE,317000.0
864,2018-09-28,CE,289000.0
865,2018-09-28,PE,97000.0
866,2018-10-01,CE,375000.0
867,2018-10-01,PE,180000.0
868,2018-10-03,CE,448000.0
869,2018-10-03,PE,253000.0
870,2018-10-04,CE,476000.0
871,2018-10-04,PE,276000.0
872,2018-10-05,CE,547000.0
873,2018-10-05,PE,278000.0
874,2018-10-08,CE,607000.0
875,2018-10-08,PE,319000.0
876,2018-10-09,CE,608000.0
877,2018-10-09,PE,321000.0
878,2018-10-10,CE,628000.0
879,2018-10-10,PE,359000.0
880,2018-10-11,CE,638000.0
881,2018-10-11,PE,346000.0
882,2018-10-12,CE,639000.0
883,2018-10-12,PE,348000.0
884,2018-10-15,CE,736000.0
885,2018-10-15,PE,348000.0
886,2018-10-16,CE,843000.0
887,2018-10-16,PE,376000.0
888,2018-10-17,CE,1070000.0
889,2018-10-17,PE,380000.0
890,2018-10-19,CE,1098000.0
891,2018-10-19,PE,391000.0
892,2018-10-22,CE,1142000.0
893,2018-10-22,PE,400000.0
894,2018-10-23,CE,2144000.0
895,2018-10-23,PE,983000.0
896,2018-10-24,CE,1743000.0
897,2018-10-24,PE,741000.0
898,2018-10-25,CE,1571000.0
899,2018-10-25,PE,576000.0
900,2018-10-26,CE,367000.0
901,2018-10-26,PE,155000.0
902,2018-10-29,CE,668000.0
903,2018-10-29,PE,196000.0
904,2018-10-30,CE,723000.0
905,2018-10-30,PE,233000.0
906,2018-10-31,CE,756000.0
907,2018-10-31,PE,279000.0
908,2018-11-01,CE,693000.0
909,2018-11-01,PE,462000.0
910,2018-11-02,CE,657000.0
911,2018-11-02,PE,461000.0
912,2018-11-05,CE,654000.0
913,2018-11-05,PE,465000.0
914,2018-11-06,CE,697000.0
915,2018-11-06,PE,470000.0
916,2018-11-07,CE,699000.0
917,2018-11-07,PE,470000.0
918,2018-11-09,CE,684000.0
919,2018-11-09,PE,461000.0
920,2018-11-12,CE,706000.0
921,2018-11-12,PE,457000.0
922,2018-11-13,CE,763000.0
923,2018-11-13,PE,524000.0
924,2018-11-14,CE,773000.0
925,2018-11-14,PE,524000.0
926,2018-11-15,CE,764000.0
927,2018-11-15,PE,532000.0
928,2018-11-16,CE,763000.0
929,2018-11-16,PE,526000.0
930,2018-11-19,CE,769000.0
931,2018-11-19,PE,521000.0
932,2018-11-20,CE,813000.0
933,2018-11-20,PE,519000.0
934,2018-11-21,CE,789000.0
935,2018-11-21,PE,535000.0
936,2018-11-22,CE,798000.0
937,2018-11-22,PE,498000.0
938,2018-11-26,CE,718000.0
939,2018-11-26,PE,544000.0
940,2018-11-27,CE,650000.0
941,2018-11-27,PE,572000.0
942,2018-11-28,CE,591000.0
943,2018-11-28,PE,462000.0
944,2018-11-29,CE,564000.0
945,2018-11-29,PE,534000.0
946,2018-11-30,CE,315000.0
947,2018-11-30,PE,93000.0
948,2018-12-03,CE,380000.0
949,2018-12-03,PE,118000.0
950,2018-12-04,CE,684000.0
951,2018-12-04,PE,142000.0
952,2018-12-05,CE,719000.0
953,2018-12-05,PE,165000.0
954,2018-12-06,CE,897000.0
955,2018-12-06,PE,176000.0
956,2018-12-07,CE,934000.0
957,2018-12-07,PE,182000.0
958,2018-12-10,CE,682000.0
959,2018-12-10,PE,213000.0
960,2018-12-11,CE,656000.0
961,2018-12-11,PE,250000.0
962,2018-12-12,CE,1026000.0
963,2018-12-12,PE,354000.0
964,2018-12-13,CE,1029000.0
965,2018-12-13,PE,382000.0
966,2018-12-14,CE,1118000.0
967,2018-12-14,PE,428000.0
968,2018-12-17,CE,1157000.0
969,2018-12-17,PE,454000.0
970,2018-12-18,CE,1249000.0
971,2018-12-18,PE,469000.0
972,2018-12-19,CE,1742000.0
973,2018-12-19,PE,497000.0
974,2018-12-20,CE,1647000.0
975,2018-12-20,PE,500000.0
976,2018-12-21,CE,1750000.0
977,2018-12-21,PE,529000.0
978,2018-12-24,CE,1506000.0
979,2018-12-24,PE,433000.0
980,2018-12-26,CE,1310000.0
981,2018-12-26,PE,390000.0
982,2018-12-27,CE,1246000.0
983,2018-12-27,PE,347000.0
984,2018-12-28,CE,409000.0
985,2018-12-28,PE,177000.0
986,2018-12-31,CE,441000.0
987,2018-12-31,PE,174000.0
988,2019-01-01,CE,532000.0
989,2019-01-01,PE,179000.0
990,2019-01-02,CE,804000.0
991,2019-01-02,PE,291000.0
992,2019-01-03,CE,867000.0
993,2019-01-03,PE,298000.0
994,2019-01-04,CE,887000.0
995,2019-01-04,PE,310000.0
996,2019-01-07,CE,951000.0
997,2019-01-07,PE,306000.0
998,2019-01-08,CE,993000.0
999,2019-01-08,PE,381000.0
1000,2019-01-09,CE,1036000.0
1001,2019-01-09,PE,366000.0
1002,2019-01-10,CE,1068000.0
1003,2019-01-10,PE,366000.0
1004,2019-01-11,CE,1068000.0
1005,2019-01-11,PE,384000.0
1006,2019-01-14,CE,1044000.0
1007,2019-01-14,PE,386000.0
1008,2019-01-15,CE,1172000.0
1009,2019-01-15,PE,389000.0
1010,2019-01-16,CE,1153000.0
1011,2019-01-16,PE,390000.0
1012,2019-01-17,CE,1156000.0
1013,2019-01-17,PE,383000.0
1014,2019-01-18,CE,1287000.0
1015,2019-01-18,PE,338000.0
1016,2019-01-21,CE,1242000.0
1017,2019-01-21,PE,338000.0
1018,2019-01-22,CE,2305000.0
1019,2019-01-22,PE,1690000.0
1020,2019-01-23,CE,2549000.0
1021,2019-01-23,PE,1028000.0
1022,2019-01-24,CE,2643000.0
1023,2019-01-24,PE,959000.0
1024,2019-01-25,CE,2789000.0
1025,2019-01-25,PE,628000.0
1026,2019-01-28,CE,2848000.0
1027,2019-01-28,PE,538000.0
1028,2019-01-29,CE,2669000.0
1029,2019-01-29,PE,609000.0
1030,2019-01-30,CE,2510000.0
1031,2019-01-30,PE,551000.0
1032,2019-01-31,CE,2196000.0
1033,2019-01-31,PE,481000.0
1034,2019-02-01,CE,468000.0
1035,2019-02-01,PE,158000.0
1036,2019-02-04,CE,686000.0
1037,2019-02-04,PE,203000.0
1038,2019-02-05,CE,713000.0
1039,2019-02-05,PE,203000.0
1040,2019-02-06,CE,825000.0
1041,2019-02-06,PE,250000.0
1042,2019-02-07,CE,758000.0
1043,2019-02-07,PE,372000.0
1044,2019-02-08,CE,830000.0
1045,2019-02-08,PE,322000.0
1046,2019-02-11,CE,900000.0
1047,2019-02-11,PE,305000.0
1048,2019-02-12,CE,858000.0
1049,2019-02-12,PE,300000.0
1050,2019-02-13,CE,889000.0
1051,2019-02-13,PE,257000.0
1052,2019-02-14,CE,890000.0
1053,2019-02-14,PE,324000.0
1054,2019-02-15,CE,934000.0
1055,2019-02-15,PE,290000.0
1056,2019-02-18,CE,1025000.0
1057,2019-02-18,PE,351000.0
1058,2019-02-19,CE,1042000.0
1059,2019-02-19,PE,377000.0
1060,2019-02-20,CE,1206000.0
1061,2019-02-20,PE,404000.0
1062,2019-02-21,CE,1389000.0
1063,2019-02-21,PE,438000.0
1064,2019-02-22,CE,1406000.0
1065,2019-02-22,PE,455000.0
1066,2019-02-25,CE,1555000.0
1067,2019-02-25,PE,439000.0
1068,2019-02-26,CE,1637000.0
1069,2019-02-26,PE,394000.0
1070,2019-02-27,CE,1568000.0
1071,2019-02-27,PE,396000.0
1072,2019-02-28,CE,1545000.0
1073,2019-02-28,PE,384000.0
1074,2019-03-01,CE,409000.0
1075,2019-03-01,PE,235000.0
1076,2019-03-05,CE,421000.0
1077,2019-03-05,PE,338000.0
1078,2019-03-06,CE,491000.0
1079,2019-03-06,PE,401000.0
1080,2019-03-07,CE,556000.0
1081,2019-03-07,PE,422000.0
1082,2019-03-08,CE,646000.0
1083,2019-03-08,PE,424000.0
1084,2019-03-11,CE,552000.0
1085,2019-03-11,PE,443000.0
1086,2019-03-12,CE,718000.0
1087,2019-03-12,PE,423000.0
1088,2019-03-13,CE,772000.0
1089,2019-03-13,PE,416000.0
1090,2019-03-14,CE,904000.0
1091,2019-03-14,PE,423000.0
1092,2019-03-15,CE,1194000.0
1093,2019-03-15,PE,443000.0
1094,2019-03-18,CE,1329000.0
1095,2019-03-18,PE,463000.0
1096,2019-03-19,CE,1433000.0
1097,2019-03-19,PE,517000.0
1098,2019-03-20,CE,1387000.0
1099,2019-03-20,PE,519000.0
1100,2019-03-22,CE,1467000.0
1101,2019-03-22,PE,440000.0
1102,2019-03-25,CE,1503000.0
1103,2019-03-25,PE,432000.0
1104,2019-03-26,CE,1515000.0
1105,2019-03-26,PE,403000.0
1106,2019-03-27,CE,1396000.0
1107,2019-03-27,PE,372000.0
1108,2019-03-28,CE,1310000.0
1109,2019-03-28,PE,336000.0
1110,2019-03-29,CE,689000.0
1111,2019-03-29,PE,149000.0
1112,2019-04-01,CE,641000.0
1113,2019-04-01,PE,192000.0
1114,2019-04-02,CE,661000.0
1115,2019-04-02,PE,306000.0
1116,2019-04-03,CE,708000.0
1117,2019-04-03,PE,332000.0
1118,2019-04-04,CE,783000.0
1119,2019-04-04,PE,373000.0
1120,2019-04-05,CE,756000.0
1121,2019-04-05,PE,358000.0
1122,2019-04-08,CE,779000.0
1123,2019-04-08,PE,358000.0
1124,2019-04-09,CE,753000.0
1125,2019-04-09,PE,362000.0
1126,2019-04-10,CE,769000.0
1127,2019-04-10,PE,370000.0
1128,2019-04-11,CE,873000.0
1129,2019-04-11,PE,375000.0
1130,2019-04-12,CE,699000.0
1131,2019-04-12,PE,368000.0
1132,2019-04-15,CE,929000.0
1133,2019-04-15,PE,400000.0
1134,2019-04-16,CE,1176000.0
1135,2019-04-16,PE,460000.0
1136,2019-04-18,CE,1151000.0
1137,2019-04-18,PE,448000.0
1138,2019-04-22,CE,1110000.0
1139,2019-04-22,PE,384000.0
1140,2019-04-23,CE,1197000.0
1141,2019-04-23,PE,448000.0
1142,2019-04-24,CE,950000.0
1143,2019-04-24,PE,435000.0
1144,2019-04-25,CE,629000.0
1145,2019-04-25,PE,419000.0
1146,2019-04-26,CE,231000.0
1147,2019-04-26,PE,249000.0
1148,2019-04-30,CE,640000.0
1149,2019-04-30,PE,532000.0
1150,2019-05-02,CE,958000.0
1151,2019-05-02,PE,812000.0
1152,2019-05-03,CE,916000.0
1153,2019-05-03,PE,749000.0
1154,2019-05-06,CE,853000.0
1155,2019-05-06,PE,729000.0
1156,2019-05-07,CE,867000.0
1157,2019-05-07,PE,749000.0
1158,2019-05-08,CE,870000.0
1159,2019-05-08,PE,760000.0
1160,2019-05-09,CE,836000.0
1161,2019-05-09,PE,720000.0
1162,2019-05-10,CE,829000.0
1163,2019-05-10,PE,709000.0
1164,2019-05-13,CE,827000.0
1165,2019-05-13,PE,666000.0
1166,2019-05-14,CE,809000.0
1167,2019-05-14,PE,654000.0
1168,2019-05-15,CE,799000.0
1169,2019-05-15,PE,648000.0
1170,2019-05-16,CE,758000.0
1171,2019-05-16,PE,635000.0
1172,2019-05-17,CE,786000.0
1173,2019-05-17,PE,606000.0
1174,2019-05-20,CE,733000.0
1175,2019-05-20,PE,584000.0
1176,2019-05-21,CE,770000.0
1177,2019-05-21,PE,547000.0
1178,2019-05-22,CE,798000.0
1179,2019-05-22,PE,548000.0
1180,2019-05-23,CE,890000.0
1181,2019-05-23,PE,535000.0
1182,2019-05-24,CE,902000.0
1183,2019-05-24,PE,505000.0
1184,2019-05-27,CE,1143000.0
1185,2019-05-27,PE,517000.0
1186,2019-05-28,CE,983000.0
1187,2019-05-28,PE,513000.0
1188,2019-05-29,CE,897000.0
1189,2019-05-29,PE,499000.0
1190,2019-05-30,CE,1028000.0
1191,2019-05-30,PE,497000.0
1192,2019-05-31,CE,286000.0
1193,2019-05-31,PE,140000.0
1194,2019-06-03,CE,436000.0
1195,2019-06-03,PE,188000.0
1196,2019-06-04,CE,919000.0
1197,2019-06-04,PE,228000.0
1198,2019-06-06,CE,993000.0
1199,2019-06-06,PE,252000.0
1200,2019-06-07,CE,1011000.0
1201,2019-06-07,PE,262000.0
1202,2019-06-10,CE,1017000.0
1203,2019-06-10,PE,295000.0
1204,2019-06-11,CE,1006000.0
1205,2019-06-11,PE,305000.0
1206,2019-06-12,CE,1047000.0
1207,2019-06-12,PE,322000.0
1208,2019-06-13,CE,1082000.0
1209,2019-06-13,PE,291000.0
1210,2019-06-14,CE,1115500.0
1211,2019-06-14,PE,315000.0
1212,2019-06-17,CE,1153500.0
1213,2019-06-17,PE,323100.0
1214,2019-06-18,CE,1210800.0
1215,2019-06-18,PE,328000.0
1216,2019-06-19,CE,1271700.0
1217,2019-06-19,PE,451400.0
1218,2019-06-20,CE,1203500.0
1219,2019-06-20,PE,484200.0
1220,2019-06-21,CE,1263300.0
1221,2019-06-21,PE,509300.0
1222,2019-06-24,CE,1550500.0
1223,2019-06-24,PE,845000.0
1224,2019-06-25,CE,1639000.0
1225,2019-06-25,PE,804600.0
1226,2019-06-26,CE,1761300.0
1227,2019-06-26,PE,737800.0
1228,2019-06-27,CE,1731700.0
1229,2019-06-27,PE,555700.0
1230,2019-06-28,CE,743600.0
1231,2019-06-28,PE,315700.0
1232,2019-07-01,CE,885500.0
1233,2019-07-01,PE,348700.0
1234,2019-07-02,CE,905300.0
1235,2019-07-02,PE,463100.0
1236,2019-07-03,CE,1100000.0
1237,2019-07-03,PE,466400.0
1238,2019-07-04,CE,1326600.0
1239,2019-07-04,PE,457600.0
1240,2019-07-05,CE,1278200.0
1241,2019-07-05,PE,475200.0
1242,2019-07-08,CE,1271600.0
1243,2019-07-08,PE,542300.0
1244,2019-07-09,CE,1239700.0
1245,2019-07-09,PE,564300.0
1246,2019-07-10,CE,1240800.0
1247,2019-07-10,PE,585200.0
1248,2019-07-11,CE,1190200.0
1249,2019-07-11,PE,611600.0
1250,2019-07-12,CE,1306800.0
1251,2019-07-12,PE,588500.0
1252,2019-07-15,CE,1262800.0
1253,2019-07-15,PE,562100.0
1254,2019-07-16,CE,1258400.0
1255,2019-07-16,PE,566500.0
1256,2019-07-17,CE,1215500.0
1257,2019-07-17,PE,575300.0
1258,2019-07-18,CE,1212200.0
1259,2019-07-18,PE,546700.0
1260,2019-07-19,CE,1183600.0
1261,2019-07-19,PE,546700.0
1262,2019-07-22,CE,1485000.0
1263,2019-07-22,PE,752400.0
1264,2019-07-23,CE,1641200.0
1265,2019-07-23,PE,744700.0
1266,2019-07-24,CE,1366200.0
1267,2019-07-24,PE,635800.0
1268,2019-07-25,CE,1345300.0
1269,2019-07-25,PE,442200.0
1270,2019-07-26,CE,594000.0
1271,2019-07-26,PE,323400.0
1272,2019-07-29,CE,680900.0
1273,2019-07-29,PE,320100.0
1274,2019-07-30,CE,800800.0
1275,2019-07-30,PE,331100.0
1276,2019-07-31,CE,895400.0
1277,2019-07-31,PE,444400.0
1278,2019-08-01,CE,936100.0
1279,2019-08-01,PE,397100.0
1280,2019-08-02,CE,950400.0
1281,2019-08-02,PE,454300.0
1282,2019-08-05,CE,977900.0
1283,2019-08-05,PE,506000.0
1284,2019-08-06,CE,1058200.0
1285,2019-08-06,PE,529100.0
1286,2019-08-07,CE,1130800.0
1287,2019-08-07,PE,559900.0
1288,2019-08-08,CE,1081300.0
1289,2019-08-08,PE,557700.0
1290,2019-08-09,CE,1046100.0
1291,2019-08-09,PE,606100.0
1292,2019-08-13,CE,1146200.0
1293,2019-08-13,PE,521400.0
1294,2019-08-14,CE,1155000.0
1295,2019-08-14,PE,554400.0
1296,2019-08-16,CE,1180300.0
1297,2019-08-16,PE,580800.0
1298,2019-08-19,CE,1178100.0
1299,2019-08-19,PE,566500.0
1300,2019-08-20,CE,1235300.0
1301,2019-08-20,PE,614900.0
1302,2019-08-21,CE,1228700.0
1303,2019-08-21,PE,583000.0
1304,2019-08-22,CE,1109900.0
1305,2019-08-22,PE,510400.0
1306,2019-08-23,CE,936100.0
1307,2019-08-23,PE,503800.0
1308,2019-08-26,CE,864600.0
1309,2019-08-26,PE,468600.0
1310,2019-08-27,CE,900900.0
1311,2019-08-27,PE,460900.0
1312,2019-08-28,CE,862400.0
1313,2019-08-28,PE,413600.0
1314,2019-08-29,CE,870100.0
1315,2019-08-29,PE,356400.0
1316,2019-08-30,CE,625900.0
1317,2019-08-30,PE,228800.0
1318,2019-09-03,CE,783200.0
1319,2019-09-03,PE,279400.0
1320,2019-09-04,CE,836000.0
1321,2019-09-04,PE,305800.0
1322,2019-09-05,CE,847000.0
1323,2019-09-05,PE,333300.0
1324,2019-09-06,CE,976800.0
1325,2019-09-06,PE,424600.0
1326,2019-09-09,CE,1101100.0
1327,2019-09-09,PE,500500.0
1328,2019-09-11,CE,1120900.0
1329,2019-09-11,PE,699600.0
1330,2019-09-12,CE,1094500.0
1331,2019-09-12,PE,619300.0
1332,2019-09-13,CE,1199000.0
1333,2019-09-13,PE,623700.0
1334,2019-09-16,CE,1288100.0
1335,2019-09-16,PE,658900.0
1336,2019-09-17,CE,1409100.0
1337,2019-09-17,PE,591800.0
1338,2019-09-18,CE,1332100.0
1339,2019-09-18,PE,601700.0
1340,2019-09-19,CE,1261700.0
1341,2019-09-19,PE,580800.0
1342,2019-09-20,CE,828300.0
1343,2019-09-20,PE,807400.0
1344,2019-09-23,CE,841500.0
1345,2019-09-23,PE,720500.0
1346,2019-09-24,CE,708400.0
1347,2019-09-24,PE,621500.0
1348,2019-09-25,CE,742500.0
1349,2019-09-25,PE,468600.0
1350,2019-09-26,CE,711700.0
1351,2019-09-26,PE,522500.0
1352,2019-09-27,CE,619300.0
1353,2019-09-27,PE,211200.0
1354,2019-09-30,CE,667700.0
1355,2019-09-30,PE,244200.0
1356,2019-10-01,CE,697400.0
1357,2019-10-01,PE,255200.0
1358,2019-10-03,CE,761200.0
1359,2019-10-03,PE,242000.0
1360,2019-10-04,CE,860200.0
1361,2019-10-04,PE,248600.0
1362,2019-10-07,CE,905300.0
1363,2019-10-07,PE,301400.0
1364,2019-10-09,CE,915200.0
1365,2019-10-09,PE,271700.0
1366,2019-10-10,CE,980100.0
1367,2019-10-10,PE,280500.0
1368,2019-10-11,CE,999900.0
1369,2019-10-11,PE,334400.0
1370,2019-10-14,CE,994400.0
1371,2019-10-14,PE,376200.0
1372,2019-10-15,CE,996600.0
1373,2019-10-15,PE,546700.0
1374,2019-10-16,CE,1094500.0
1375,2019-10-16,PE,596200.0
1376,2019-10-17,CE,2009700.0
1377,2019-10-17,PE,1876600.0
1378,2019-10-18,CE,1819400.0
1379,2019-10-18,PE,1985500.0
1380,2019-10-22,CE,1695100.0
1381,2019-10-22,PE,1614800.0
1382,2019-10-23,CE,1509200.0
1383,2019-10-23,PE,1654400.0
1384,2019-10-24,CE,1498200.0
1385,2019-10-24,PE,1482800.0
1386,2019-10-25,CE,1400300.0
1387,2019-10-25,PE,1329900.0
1388,2019-10-27,CE,1377200.0
1389,2019-10-27,PE,1316700.0
1390,2019-10-29,CE,1093400.0
1391,2019-10-29,PE,1229800.0
1392,2019-10-30,CE,850300.0
1393,2019-10-30,PE,1120900.0
1394,2019-10-31,CE,785400.0
1395,2019-10-31,PE,975700.0
1396,2019-11-01,CE,698500.0
1397,2019-11-01,PE,425700.0
1398,2019-11-04,CE,818400.0
1399,2019-11-04,PE,418000.0
1400,2019-11-05,CE,1047200.0
1401,2019-11-05,PE,457600.0
1402,2019-11-06,CE,1063700.0
1403,2019-11-06,PE,479600.0
1404,2019-11-07,CE,1054900.0
1405,2019-11-07,PE,455400.0
1406,2019-11-08,CE,1083500.0
1407,2019-11-08,PE,433400.0
1408,2019-11-11,CE,1175900.0
1409,2019-11-11,PE,435600.0
1410,2019-11-13,CE,1164900.0
1411,2019-11-13,PE,455400.0
1412,2019-11-14,CE,1271600.0
1413,2019-11-14,PE,451000.0
1414,2019-11-15,CE,1135200.0
1415,2019-11-15,PE,411400.0
1416,2019-11-18,CE,1117600.0
1417,2019-11-18,PE,400400.0
1418,2019-11-19,CE,1138500.0
1419,2019-11-19,PE,404800.0
1420,2019-11-20,CE,1163800.0
1421,2019-11-20,PE,436700.0
1422,2019-11-21,CE,1251800.0
1423,2019-11-21,PE,448800.0
1424,2019-11-22,CE,1172600.0
1425,2019-11-22,PE,400400.0
1426,2019-11-25,CE,931700.0
1427,2019-11-25,PE,353100.0
1428,2019-11-26,CE,940500.0
1429,2019-11-26,PE,341000.0
1430,2019-11-27,CE,821700.0
1431,2019-11-27,PE,389400.0
1432,2019-11-28,CE,554400.0
1433,2019-11-28,PE,401500.0
1434,2019-11-29,CE,332200.0
1435,2019-11-29,PE,173800.0
1436,2019-12-02,CE,554400.0
1437,2019-12-02,PE,211200.0
1438,2019-12-03,CE,558800.0
1439,2019-12-03,PE,236500.0
1440,2019-12-04,CE,564300.0
1441,2019-12-04,PE,242000.0
1442,2019-12-05,CE,603900.0
1443,2019-12-05,PE,242000.0
1444,2019-12-06,CE,649000.0
1445,2019-12-06,PE,282700.0
1446,2019-12-09,CE,708650.0
1447,2019-12-09,PE,315950.0
1448,2019-12-10,CE,721850.0
1449,2019-12-10,PE,389650.0
1450,2019-12-11,CE,730650.0
1451,2019-12-11,PE,378050.0
1452,2019-12-12,CE,744950.0
1453,2019-12-12,PE,383550.0
1454,2019-12-13,CE,732850.0
1455,2019-12-13,PE,408150.0
1456,2019-12-16,CE,775750.0
1457,2019-12-16,PE,460950.0
1458,2019-12-17,CE,801050.0
1459,2019-12-17,PE,464250.0
1460,2019-12-18,CE,820000.0
1461,2019-12-18,PE,477450.0
1462,2019-12-19,CE,1137200.0
1463,2019-12-19,PE,612350.0
1464,2019-12-20,CE,1086750.0
1465,2019-12-20,PE,613350.0
1466,2019-12-23,CE,788950.0
1467,2019-12-23,PE,576100.0
1468,2019-12-24,CE,630850.0
1469,2019-12-24,PE,489800.0
1470,2019-12-26,CE,526850.0
1471,2019-12-26,PE,452050.0
1472,2019-12-27,CE,278100.0
1473,2019-12-27,PE,175500.0
1474,2019-12-30,CE,483300.0
1475,2019-12-30,PE,247050.0
1476,2019-12-31,CE,541350.0
1477,2019-12-31,PE,278100.0
1478,2020-01-01,CE,562950.0
1479,2020-01-01,PE,297000.0
1480,2020-01-02,CE,683100.0
1481,2020-01-02,PE,388800.0
1482,2020-01-03,CE,764100.0
1483,2020-01-03,PE,492750.0
1484,2020-01-06,CE,803250.0
1485,2020-01-06,PE,491400.0
1486,2020-01-07,CE,850500.0
1487,2020-01-07,PE,525150.0
1488,2020-01-08,CE,851850.0
1489,2020-01-08,PE,577800.0
1490,2020-01-09,CE,770850.0
1491,2020-01-09,PE,575100.0
1492,2020-01-10,CE,746550.0
1493,2020-01-10,PE,583200.0
1494,2020-01-13,CE,762750.0
1495,2020-01-13,PE,596700.0
1496,2020-01-14,CE,746550.0
1497,2020-01-14,PE,591300.0
1498,2020-01-15,CE,731700.0
1499,2020-01-15,PE,571050.0
1500,2020-01-16,CE,777600.0
1501,2020-01-16,PE,615600.0
1502,2020-01-17,CE,1089450.0
1503,2020-01-17,PE,639900.0
1504,2020-01-20,CE,1082700.0
1505,2020-01-20,PE,630450.0
1506,2020-01-21,CE,1050300.0
1507,2020-01-21,PE,642600.0
1508,2020-01-22,CE,997650.0
1509,2020-01-22,PE,658800.0
1510,2020-01-23,CE,1005750.0
1511,2020-01-23,PE,629100.0
1512,2020-01-24,CE,974700.0
1513,2020-01-24,PE,629100.0
1514,2020-01-27,CE,1030050.0
1515,2020-01-27,PE,581850.0
1516,2020-01-28,CE,909900.0
1517,2020-01-28,PE,612900.0
1518,2020-01-29,CE,714150.0
1519,2020-01-29,PE,530550.0
1520,2020-01-30,CE,579150.0
1521,2020-01-30,PE,484650.0
1522,2020-01-31,CE,641250.0
1523,2020-01-31,PE,341550.0
1524,2020-02-01,CE,683100.0
1525,2020-02-01,PE,371250.0
1526,2020-02-03,CE,766800.0
1527,2020-02-03,PE,522450.0
1528,2020-02-04,CE,1695600.0
1529,2020-02-04,PE,561600.0
1530,2020-02-05,CE,1601100.0
1531,2020-02-05,PE,639900.0
1532,2020-02-06,CE,1622700.0
1533,2020-02-06,PE,730350.0
1534,2020-02-07,CE,1706400.0
1535,2020-02-07,PE,700650.0
1536,2020-02-10,CE,1586250.0
1537,2020-02-10,PE,735750.0
1538,2020-02-11,CE,1632150.0
1539,2020-02-11,PE,714150.0
1540,2020-02-12,CE,1686150.0
1541,2020-02-12,PE,711450.0
1542,2020-02-13,CE,1759050.0
1543,2020-02-13,PE,677700.0
1544,2020-02-14,CE,1796850.0
1545,2020-02-14,PE,634500.0
1546,2020-02-17,CE,1830600.0
1547,2020-02-17,PE,711450.0
1548,2020-02-18,CE,1819800.0
1549,2020-02-18,PE,766800.0
1550,2020-02-19,CE,1779300.0
1551,2020-02-19,PE,745200.0
1552,2020-02-20,CE,1660500.0
1553,2020-02-20,PE,716850.0
1554,2020-02-24,CE,1617300.0
1555,2020-02-24,PE,676350.0
1556,2020-02-25,CE,1983150.0
1557,2020-02-25,PE,1158300.0
1558,2020-02-26,CE,1910250.0
1559,2020-02-26,PE,936900.0
1560,2020-02-27,CE,1803600.0
1561,2020-02-27,PE,672300.0
1562,2020-02-28,CE,499500.0
1563,2020-02-28,PE,144450.0
1564,2020-03-02,CE,693900.0
1565,2020-03-02,PE,180900.0
1566,2020-03-03,CE,692550.0
1567,2020-03-03,PE,243000.0
1568,2020-03-04,CE,785700.0
1569,2020-03-04,PE,295650.0
1570,2020-03-05,CE,777600.0
1571,2020-03-05,PE,326700.0
1572,2020-03-06,CE,778950.0
1573,2020-03-06,PE,357750.0
1574,2020-03-09,CE,768150.0
1575,2020-03-09,PE,355050.0
1576,2020-03-11,CE,741150.0
1577,2020-03-11,PE,382050.0
1578,2020-03-12,CE,814050.0
1579,2020-03-12,PE,364500.0
1580,2020-03-13,CE,815400.0
1581,2020-03-13,PE,342900.0
1582,2020-03-16,CE,827550.0
1583,2020-03-16,PE,341550.0
1584,2020-03-17,CE,837000.0
1585,2020-03-17,PE,349650.0
1586,2020-03-18,CE,842400.0
1587,2020-03-18,PE,345600.0
1588,2020-03-19,CE,847800.0
1589,2020-03-19,PE,341550.0
1590,2020-03-20,CE,827550.0
1591,2020-03-20,PE,344250.0
1592,2020-03-23,CE,799200.0
1593,2020-03-23,PE,297000.0
1594,2020-03-24,CE,704700.0
1595,2020-03-24,PE,253800.0
1596,2020-03-25,CE,673650.0
1597,2020-03-25,PE,237600.0
1598,2020-03-26,CE,676350.0
1599,2020-03-26,PE,236250.0
1600,2020-03-27,CE,81000.0
1601,2020-03-27,PE,55350.0
1602,2020-03-30,CE,87750.0
1603,2020-03-30,PE,49950.0
1604,2020-03-31,CE,102600.0
1605,2020-03-31,PE,56700.0
1606,2020-04-01,CE,140400.0
1607,2020-04-01,PE,91800.0
1608,2020-04-03,CE,206550.0
1609,2020-04-03,PE,120150.0
1610,2020-04-07,CE,255150.0
1611,2020-04-07,PE,210600.0
1612,2020-04-08,CE,301050.0
1613,2020-04-08,PE,284850.0
1614,2020-04-09,CE,342900.0
1615,2020-04-09,PE,306450.0
1616,2020-04-13,CE,460350.0
1617,2020-04-13,PE,311850.0
1618,2020-04-15,CE,619650.0
1619,2020-04-15,PE,344250.0
1620,2020-04-16,CE,669600.0
1621,2020-04-16,PE,330750.0
1622,2020-04-17,CE,1649700.0
1623,2020-04-17,PE,500850.0
1624,2020-04-20,CE,1594350.0
1625,2020-04-20,PE,521100.0
1626,2020-04-21,CE,1598400.0
1627,2020-04-21,PE,594000.0
1628,2020-04-22,CE,1490400.0
1629,2020-04-22,PE,577800.0
1630,2020-04-23,CE,1447200.0
1631,2020-04-23,PE,583200.0
1632,2020-04-24,CE,1281150.0
1633,2020-04-24,PE,549450.0
1634,2020-04-27,CE,1244700.0
1635,2020-04-27,PE,521100.0
1636,2020-04-28,CE,1012500.0
1637,2020-04-28,PE,502200.0
1638,2020-04-29,CE,773550.0
1639,2020-04-29,PE,448200.0
1640,2020-04-30,CE,861300.0
1641,2020-04-30,PE,567000.0
1642,2020-05-04,CE,459000.0
1643,2020-05-04,PE,129600.0
1644,2020-05-05,CE,468450.0
1645,2020-05-05,PE,164700.0
1646,2020-05-06,CE,631800.0
1647,2020-05-06,PE,252450.0
1648,2020-05-07,CE,670950.0
1649,2020-05-07,PE,259200.0
1650,2020-05-08,CE,656100.0
1651,2020-05-08,PE,270000.0
1652,2020-05-11,CE,909900.0
1653,2020-05-11,PE,353700.0
1654,2020-05-12,CE,876150.0
1655,2020-05-12,PE,361800.0
1656,2020-05-13,CE,837000.0
1657,2020-05-13,PE,403650.0
1658,2020-05-14,CE,909900.0
1659,2020-05-14,PE,423900.0
1660,2020-05-15,CE,889650.0
1661,2020-05-15,PE,422550.0
1662,2020-05-18,CE,957150.0
1663,2020-05-18,PE,406350.0
1664,2020-05-19,CE,1042200.0
1665,2020-05-19,PE,445500.0
1666,2020-05-20,CE,1057050.0
1667,2020-05-20,PE,437400.0
1668,2020-05-21,CE,1213650.0
1669,2020-05-21,PE,480600.0
1670,2020-05-22,CE,1143450.0
1671,2020-05-22,PE,442800.0
1672,2020-05-26,CE,1090800.0
1673,2020-05-26,PE,426600.0
1674,2020-05-27,CE,1136700.0
1675,2020-05-27,PE,433350.0
1676,2020-05-28,CE,1390500.0
1677,2020-05-28,PE,822150.0
1678,2020-05-29,CE,1070550.0
1679,2020-05-29,PE,572400.0
1680,2020-06-01,CE,1053100.0
1681,2020-06-01,PE,707400.0
1682,2020-06-02,CE,1076850.0
1683,2020-06-02,PE,789750.0
1684,2020-06-03,CE,1249700.0
1685,2020-06-03,PE,831600.0
1686,2020-06-04,CE,1246100.0
1687,2020-06-04,PE,818150.0
1688,2020-06-05,CE,1278500.0
1689,2020-06-05,PE,837050.0
1690,2020-06-08,CE,1497200.0
1691,2020-06-08,PE,822950.0
1692,2020-06-09,CE,1552550.0
1693,2020-06-09,PE,801350.0
1694,2020-06-10,CE,1597100.0
1695,2020-06-10,PE,812150.0
1696,2020-06-11,CE,1674050.0
1697,2020-06-11,PE,945800.0
1698,2020-06-12,CE,1412150.0
1699,2020-06-12,PE,824450.0
1700,2020-06-15,CE,1540400.0
1701,2020-06-15,PE,785300.0
1702,2020-06-16,CE,1366250.0
1703,2020-06-16,PE,829950.0
1704,2020-06-17,CE,1443400.0
1705,2020-06-17,PE,869150.0
1706,2020-06-18,CE,1422600.0
1707,2020-06-18,PE,870500.0
1708,2020-06-19,CE,1254650.0
1709,2020-06-19,PE,872000.0
1710,2020-06-22,CE,1185900.0
1711,2020-06-22,PE,938400.0
1712,2020-06-23,CE,1040100.0
1713,2020-06-23,PE,890450.0
1714,2020-06-24,CE,935900.0
1715,2020-06-24,PE,813650.0
1716,2020-06-25,CE,917350.0
1717,2020-06-25,PE,794200.0
1718,2020-06-26,CE,564200.0
1719,2020-06-26,PE,145600.0
1720,2020-06-29,CE,618800.0
1721,2020-06-29,PE,186200.0
1722,2020-06-30,CE,663600.0
1723,2020-06-30,PE,211400.0
1724,2020-07-01,CE,809200.0
1725,2020-07-01,PE,287000.0
1726,2020-07-02,CE,848400.0
1727,2020-07-02,PE,309400.0
1728,2020-07-03,CE,1005200.0
1729,2020-07-03,PE,397600.0
1730,2020-07-06,CE,1262800.0
1731,2020-07-06,PE,438200.0
1732,2020-07-07,CE,1226400.0
1733,2020-07-07,PE,425600.0
1734,2020-07-08,CE,1243200.0
1735,2020-07-08,PE,515200.0
1736,2020-07-09,CE,1223600.0
1737,2020-07-09,PE,567000.0
1738,2020-07-10,CE,1485400.0
1739,2020-07-10,PE,617400.0
1740,2020-07-13,CE,1412600.0
1741,2020-07-13,PE,695800.0
1742,2020-07-14,CE,1440600.0
1743,2020-07-14,PE,694400.0
1744,2020-07-15,CE,1304800.0
1745,2020-07-15,PE,637000.0
1746,2020-07-16,CE,1355200.0
1747,2020-07-16,PE,638400.0
1748,2020-07-17,CE,1379000.0
1749,2020-07-17,PE,645400.0
1750,2020-07-20,CE,1216600.0
1751,2020-07-20,PE,618800.0
1752,2020-07-21,CE,1801800.0
1753,2020-07-21,PE,749000.0
1754,2020-07-22,CE,1677200.0
1755,2020-07-22,PE,747600.0
1756,2020-07-23,CE,1416800.0
1757,2020-07-23,PE,732200.0
1758,2020-07-24,CE,1388800.0
1759,2020-07-24,PE,760200.0
1760,2020-07-27,CE,1255800.0
1761,2020-07-27,PE,723800.0
1762,2020-07-28,CE,1065400.0
1763,2020-07-28,PE,634200.0
1764,2020-07-29,CE,1069600.0
1765,2020-07-29,PE,698600.0
1766,2020-07-30,CE,987000.0
1767,2020-07-30,PE,806400.0
1768,2020-07-31,CE,527800.0
1769,2020-07-31,PE,491400.0
1770,2020-08-03,CE,756000.0
1771,2020-08-03,PE,525000.0
1772,2020-08-04,CE,814800.0
1773,2020-08-04,PE,627200.0
1774,2020-08-05,CE,896000.0
1775,2020-08-05,PE,687400.0
1776,2020-08-06,CE,1250200.0
1777,2020-08-06,PE,830200.0
1778,2020-08-07,CE,3277400.0
1779,2020-08-07,PE,963200.0
1780,2020-08-10,CE,3115000.0
1781,2020-08-10,PE,981400.0
1782,2020-08-11,CE,3073000.0
1783,2020-08-11,PE,1008000.0
1784,2020-08-12,CE,3148600.0
1785,2020-08-12,PE,981400.0
1786,2020-08-13,CE,3059000.0
1787,2020-08-13,PE,975800.0
1788,2020-08-14,CE,3173800.0
1789,2020-08-14,PE,929600.0
1790,2020-08-17,CE,2885400.0
1791,2020-08-17,PE,907200.0
1792,2020-08-18,CE,2289000.0
1793,2020-08-18,PE,925400.0
1794,2020-08-19,CE,2333800.0
1795,2020-08-19,PE,943600.0
1796,2020-08-20,CE,1846600.0
1797,2020-08-20,PE,1215200.0
1798,2020-08-21,CE,1689800.0
1799,2020-08-21,PE,1226400.0
1800,2020-08-24,CE,1555400.0
1801,2020-08-24,PE,1180200.0
1802,2020-08-25,CE,1328600.0
1803,2020-08-25,PE,1055600.0
1804,2020-08-26,CE,2256800.0
1805,2020-08-26,PE,1229200.0
1806,2020-08-27,CE,2188200.0
1807,2020-08-27,PE,1251600.0
1808,2020-08-28,CE,1307600.0
1809,2020-08-28,PE,530600.0
1810,2020-08-31,CE,1575000.0
1811,2020-08-31,PE,567000.0
1812,2020-09-01,CE,1621200.0
1813,2020-09-01,PE,614600.0
1814,2020-09-02,CE,1927800.0
1815,2020-09-02,PE,733600.0
1816,2020-09-03,CE,2027200.0
1817,2020-09-03,PE,784000.0
1818,2020-09-04,CE,2052400.0
1819,2020-09-04,PE,805000.0
1820,2020-09-07,CE,2065000.0
1821,2020-09-07,PE,821800.0
1822,2020-09-08,CE,2056600.0
1823,2020-09-08,PE,827400.0
1824,2020-09-09,CE,2024400.0
1825,2020-09-09,PE,820400.0
1826,2020-09-10,CE,2058000.0
1827,2020-09-10,PE,845600.0
1828,2020-09-11,CE,2065000.0
1829,2020-09-11,PE,795200.0
1830,2020-09-14,CE,2112600.0
1831,2020-09-14,PE,757400.0
1832,2020-09-15,CE,2240000.0
1833,2020-09-15,PE,749000.0
1834,2020-09-16,CE,2485000.0
1835,2020-09-16,PE,792400.0
1836,2020-09-17,CE,2518600.0
1837,2020-09-17,PE,786800.0
1838,2020-09-18,CE,2319800.0
1839,2020-09-18,PE,739200.0
1840,2020-09-21,CE,2044000.0
1841,2020-09-21,PE,673400.0
1842,2020-09-22,CE,1944600.0
1843,2020-09-22,PE,932400.0
1844,2020-09-23,CE,1478400.0
1845,2020-09-23,PE,546000.0
1846,2020-09-24,CE,1289400.0
1847,2020-09-24,PE,379400.0
1848,2020-09-25,CE,334600.0
1849,2020-09-25,PE,124600.0
1850,2020-09-28,CE,898800.0
1851,2020-09-28,PE,229600.0
1852,2020-09-29,CE,1120000.0
1853,2020-09-29,PE,288400.0
1854,2020-09-30,CE,1286600.0
1855,2020-09-30,PE,351400.0
1856,2020-10-01,CE,2237200.0
1857,2020-10-01,PE,537600.0
1858,2020-10-05,CE,2612400.0
1859,2020-10-05,PE,701400.0
1860,2020-10-06,CE,2622200.0
1861,2020-10-06,PE,722400.0
1862,2020-10-07,CE,2395400.0
1863,2020-10-07,PE,796600.0
1864,2020-10-08,CE,2469600.0
1865,2020-10-08,PE,789600.0
1866,2020-10-09,CE,2486400.0
1867,2020-10-09,PE,775600.0
1868,2020-10-12,CE,2479400.0
1869,2020-10-12,PE,802200.0
1870,2020-10-13,CE,2601200.0
1871,2020-10-13,PE,805000.0
1872,2020-10-14,CE,2556400.0
1873,2020-10-14,PE,823200.0
1874,2020-10-15,CE,2493400.0
1875,2020-10-15,PE,792400.0
1876,2020-10-16,CE,2364600.0
1877,2020-10-16,PE,763000.0
1878,2020-10-19,CE,2374400.0
1879,2020-10-19,PE,772800.0
1880,2020-10-20,CE,2352000.0
1881,2020-10-20,PE,779800.0
1882,2020-10-21,CE,2310000.0
1883,2020-10-21,PE,788200.0
1884,2020-10-22,CE,2476600.0
1885,2020-10-22,PE,788200.0
1886,2020-10-23,CE,2695000.0
1887,2020-10-23,PE,784000.0
1888,2020-10-26,CE,2422000.0
1889,2020-10-26,PE,781200.0
1890,2020-10-27,CE,2101400.0
1891,2020-10-27,PE,733600.0
1892,2020-10-28,CE,2016000.0
1893,2020-10-28,PE,691600.0
1894,2020-10-29,CE,1986600.0
1895,2020-10-29,PE,625800.0
1896,2020-10-30,CE,1400000.0
1897,2020-10-30,PE,1183000.0
1898,2020-11-02,CE,1318800.0
1899,2020-11-02,PE,1213800.0
1900,2020-11-03,CE,1380400.0
1901,2020-11-03,PE,1215200.0
1902,2020-11-04,CE,1395800.0
1903,2020-11-04,PE,1239000.0
1904,2020-11-05,CE,1719200.0
1905,2020-11-05,PE,1146600.0
1906,2020-11-06,CE,1926400.0
1907,2020-11-06,PE,1213800.0
1908,2020-11-09,CE,1906800.0
1909,2020-11-09,PE,1234800.0
1910,2020-11-10,CE,1922200.0
1911,2020-11-10,PE,1239000.0
1912,2020-11-11,CE,2361800.0
1913,2020-11-11,PE,1276800.0
1914,2020-11-12,CE,2499000.0
1915,2020-11-12,PE,1330000.0
1916,2020-11-13,CE,2752400.0
1917,2020-11-13,PE,1362200.0
1918,2020-11-14,CE,2770600.0
1919,2020-11-14,PE,1372000.0
1920,2020-11-17,CE,2464000.0
1921,2020-11-17,PE,2013200.0
1922,2020-11-18,CE,2581600.0
1923,2020-11-18,PE,1636600.0
1924,2020-11-19,CE,2531200.0
1925,2020-11-19,PE,1484000.0
1926,2020-11-20,CE,2336600.0
1927,2020-11-20,PE,1355200.0
1928,2020-11-23,CE,2314200.0
1929,2020-11-23,PE,1262800.0
1930,2020-11-24,CE,2200800.0
1931,2020-11-24,PE,1124200.0
1932,2020-11-25,CE,1985200.0
1933,2020-11-25,PE,964600.0
1934,2020-11-26,CE,1801800.0
1935,2020-11-26,PE,938000.0
1936,2020-11-27,CE,2021600.0
1937,2020-11-27,PE,593600.0
1938,2020-12-01,CE,2709000.0
1939,2020-12-01,PE,932400.0
1940,2020-12-02,CE,3137400.0
1941,2020-12-02,PE,1027600.0
1942,2020-12-03,CE,3211600.0
1943,2020-12-03,PE,1174600.0
1944,2020-12-04,CE,3278800.0
1945,2020-12-04,PE,1188600.0
1946,2020-12-07,CE,3791200.0
1947,2020-12-07,PE,1303400.0
1948,2020-12-08,CE,3539200.0
1949,2020-12-08,PE,1320200.0
1950,2020-12-09,CE,3500000.0
1951,2020-12-09,PE,1408400.0
1952,2020-12-10,CE,3442600.0
1953,2020-12-10,PE,1376200.0
1954,2020-12-11,CE,5790400.0
1955,2020-12-11,PE,2070600.0
1956,2020-12-14,CE,5525800.0
1957,2020-12-14,PE,2220400.0
1958,2020-12-15,CE,5943000.0
1959,2020-12-15,PE,2297400.0
1960,2020-12-16,CE,5607000.0
1961,2020-12-16,PE,2249800.0
1962,2020-12-17,CE,5597200.0
1963,2020-12-17,PE,2319800.0
1964,2020-12-18,CE,5301800.0
1965,2020-12-18,PE,2352000.0
1966,2020-12-21,CE,4543000.0
1967,2020-12-21,PE,2010400.0
1968,2020-12-22,CE,4526200.0
1969,2020-12-22,PE,1954400.0
1970,2020-12-23,CE,3934000.0
1971,2020-12-23,PE,1573600.0
1972,2020-12-24,CE,3826200.0
1973,2020-12-24,PE,1388800.0
1974,2020-12-28,CE,3551800.0
1975,2020-12-28,PE,1269800.0
1976,2020-12-29,CE,3168200.0
1977,2020-12-29,PE,1173200.0
1978,2020-12-30,CE,2298800.0
1979,2020-12-30,PE,977200.0
1980,2020-12-31,CE,2329600.0
1981,2020-12-31,PE,992600.0
1982,2021-01-01,CE,1064000.0
1983,2021-01-01,PE,389200.0
1984,2021-01-04,CE,1268400.0
1985,2021-01-04,PE,578200.0
1986,2021-01-05,CE,1419600.0
1987,2021-01-05,PE,705600.0
1988,2021-01-06,CE,1492400.0
1989,2021-01-06,PE,740600.0
1990,2021-01-07,CE,3130400.0
1991,2021-01-07,PE,863800.0
1992,2021-01-08,CE,2263800.0
1993,2021-01-08,PE,947800.0
1994,2021-01-11,CE,2648800.0
1995,2021-01-11,PE,1099000.0
1996,2021-01-12,CE,4534600.0
1997,2021-01-12,PE,1261400.0
1998,2021-01-13,CE,4337200.0
1999,2021-01-13,PE,1269800.0
2000,2021-01-14,CE,4109000.0
2001,2021-01-14,PE,1328600.0
2002,2021-01-15,CE,3831800.0
2003,2021-01-15,PE,1352400.0
2004,2021-01-18,CE,3642800.0
2005,2021-01-18,PE,1327200.0
2006,2021-01-19,CE,3409000.0
2007,2021-01-19,PE,1320200.0
2008,2021-01-20,CE,3448200.0
2009,2021-01-20,PE,1349600.0
2010,2021-01-21,CE,2861600.0
2011,2021-01-21,PE,1164800.0
2012,2021-01-22,CE,3004400.0
2013,2021-01-22,PE,1159200.0
2014,2021-01-25,CE,2758000.0
2015,2021-01-25,PE,1272600.0
2016,2021-01-27,CE,2284800.0
2017,2021-01-27,PE,1239000.0
2018,2021-01-28,CE,2140600.0
2019,2021-01-28,PE,1183000.0
2020,2021-01-29,CE,2153200.0
2021,2021-01-29,PE,1194200.0
2022,2021-02-01,CE,4384800.0
2023,2021-02-01,PE,2710400.0
2024,2021-02-02,CE,2451400.0
2025,2021-02-02,PE,1650600.0
2026,2021-02-03,CE,2585800.0
2027,2021-02-03,PE,2240000.0
2028,2021-02-04,CE,5401200.0
2029,2021-02-04,PE,4986800.0
2030,2021-02-05,CE,2756600.0
2031,2021-02-05,PE,2252600.0
2032,2021-02-08,CE,2802800.0
2033,2021-02-08,PE,2259600.0
2034,2021-02-09,CE,2759400.0
2035,2021-02-09,PE,2465400.0
2036,2021-02-10,CE,2706200.0
2037,2021-02-10,PE,2367400.0
2038,2021-02-11,CE,2748200.0
2039,2021-02-11,PE,2287600.0
2040,2021-02-12,CE,2793000.0
2041,2021-02-12,PE,2143400.0
2042,2021-02-15,CE,2745400.0
2043,2021-02-15,PE,2084600.0
2044,2021-02-16,CE,2612400.0
2045,2021-02-16,PE,2035600.0
2046,2021-02-17,CE,2515800.0
2047,2021-02-17,PE,1934800.0
2048,2021-02-18,CE,2388400.0
2049,2021-02-18,PE,1881600.0
2050,2021-02-19,CE,2122400.0
2051,2021-02-19,PE,1713600.0
2052,2021-02-22,CE,2217600.0
2053,2021-02-22,PE,1533000.0
2054,2021-02-23,CE,1989400.0
2055,2021-02-23,PE,1380400.0
2056,2021-02-24,CE,1751400.0
2057,2021-02-24,PE,1307600.0
2058,2021-02-25,CE,1547000.0
2059,2021-02-25,PE,1166200.0
2060,2021-02-26,CE,680400.0
2061,2021-02-26,PE,259000.0
2062,2021-03-01,CE,1239000.0
2063,2021-03-01,PE,477400.0
2064,2021-03-02,CE,2576000.0
2065,2021-03-02,PE,1136800.0
2066,2021-03-03,CE,1313200.0
2067,2021-03-03,PE,574000.0
2068,2021-03-04,CE,3113600.0
2069,2021-03-04,PE,1209600.0
2070,2021-03-05,CE,1475600.0
2071,2021-03-05,PE,644000.0
2072,2021-03-08,CE,1720600.0
2073,2021-03-08,PE,772800.0
2074,2021-03-09,CE,1754200.0
2075,2021-03-09,PE,851200.0
2076,2021-03-10,CE,1887200.0
2077,2021-03-10,PE,926800.0
2078,2021-03-12,CE,2034200.0
2079,2021-03-12,PE,957600.0
2080,2021-03-15,CE,1967000.0
2081,2021-03-15,PE,949200.0
2082,2021-03-16,CE,1885800.0
2083,2021-03-16,PE,954800.0
2084,2021-03-17,CE,1937600.0
2085,2021-03-17,PE,933800.0
2086,2021-03-18,CE,1822800.0
2087,2021-03-18,PE,802200.0
2088,2021-03-19,CE,1505000.0
2089,2021-03-19,PE,707000.0
2090,2021-03-22,CE,1527400.0
2091,2021-03-22,PE,652400.0
2092,2021-03-23,CE,1519000.0
2093,2021-03-23,PE,632800.0
2094,2021-03-24,CE,1311800.0
2095,2021-03-24,PE,506800.0
2096,2021-03-25,CE,1269800.0
2097,2021-03-25,PE,518000.0
2098,2021-03-26,CE,380800.0
2099,2021-03-26,PE,225400.0
2100,2021-03-30,CE,991200.0
2101,2021-03-30,PE,747600.0
2102,2021-03-31,CE,879200.0
2103,2021-03-31,PE,488600.0
2104,2021-04-01,CE,827400.0
2105,2021-04-01,PE,532000.0
2106,2021-04-05,CE,858200.0
2107,2021-04-05,PE,560000.0
2108,2021-04-06,CE,1008000.0
2109,2021-04-06,PE,623000.0
2110,2021-04-07,CE,2153200.0
2111,2021-04-07,PE,1290800.0
2112,2021-04-08,CE,1206800.0
2113,2021-04-08,PE,672000.0
2114,2021-04-09,CE,1337000.0
2115,2021-04-09,PE,672000.0
2116,2021-04-12,CE,1227800.0
2117,2021-04-12,PE,656600.0
2118,2021-04-13,CE,1240400.0
2119,2021-04-13,PE,704200.0
2120,2021-04-15,CE,1317400.0
2121,2021-04-15,PE,719600.0
2122,2021-04-16,CE,1500800.0
2123,2021-04-16,PE,817600.0
2124,2021-04-19,CE,1426600.0
2125,2021-04-19,PE,1141000.0
2126,2021-04-20,CE,1544200.0
2127,2021-04-20,PE,1055600.0
2128,2021-04-22,CE,1600200.0
2129,2021-04-22,PE,996800.0
2130,2021-04-23,CE,1535800.0
2131,2021-04-23,PE,988400.0
2132,2021-04-26,CE,1576400.0
2133,2021-04-26,PE,910000.0
2134,2021-04-27,CE,2093000.0
2135,2021-04-27,PE,1169000.0
2136,2021-04-28,CE,4664800.0
2137,2021-04-28,PE,3564400.0
2138,2021-04-29,CE,4211200.0
2139,2021-04-29,PE,2863000.0
2140,2021-04-30,CE,5667200.0
2141,2021-04-30,PE,2702000.0
2142,2021-05-03,CE,2801400.0
2143,2021-05-03,PE,1423800.0
2144,2021-05-04,CE,2730000.0
2145,2021-05-04,PE,1367800.0
2146,2021-05-05,CE,2594200.0
2147,2021-05-05,PE,1376200.0
2148,2021-05-06,CE,2980600.0
2149,2021-05-06,PE,1453200.0
2150,2021-05-07,CE,2955400.0
2151,2021-05-07,PE,1429400.0
2152,2021-05-10,CE,3045000.0
2153,2021-05-10,PE,1472800.0
2154,2021-05-11,CE,4163600.0
2155,2021-05-11,PE,1701000.0
2156,2021-05-12,CE,4387600.0
2157,2021-05-12,PE,1727600.0
2158,2021-05-14,CE,4198600.0
2159,2021-05-14,PE,1695400.0
2160,2021-05-17,CE,4078200.0
2161,2021-05-17,PE,1936200.0
2162,2021-05-18,CE,3389400.0
2163,2021-05-18,PE,1918000.0
2164,2021-05-19,CE,3535000.0
2165,2021-05-19,PE,1842400.0
2166,2021-05-20,CE,6669600.0
2167,2021-05-20,PE,3410400.0
2168,2021-05-21,CE,5714800.0
2169,2021-05-21,PE,2870000.0
2170,2021-05-24,CE,2496200.0
2171,2021-05-24,PE,1212400.0
2172,2021-05-25,CE,2242800.0
2173,2021-05-25,PE,1079400.0
2174,2021-05-26,CE,2205000.0
2175,2021-05-26,PE,1036000.0
2176,2021-05-27,CE,4424000.0
2177,2021-05-27,PE,2094400.0
2178,2021-05-28,CE,2688000.0
2179,2021-05-28,PE,1586200.0
2180,2021-05-31,CE,3105200.0
2181,2021-05-31,PE,1764000.0
2182,2021-06-01,CE,3673600.0
2183,2021-06-01,PE,2058000.0
2184,2021-06-02,CE,3634400.0
2185,2021-06-02,PE,2122400.0
2186,2021-06-03,CE,3567200.0
2187,2021-06-03,PE,2266600.0
2188,2021-06-04,CE,8108800.0
2189,2021-06-04,PE,4967200.0
2190,2021-06-07,CE,4526200.0
2191,2021-06-07,PE,2478000.0
2192,2021-06-08,CE,4557000.0
2193,2021-06-08,PE,2471000.0
2194,2021-06-09,CE,4768400.0
2195,2021-06-09,PE,2801400.0
2196,2021-06-10,CE,4856600.0
2197,2021-06-10,PE,2742600.0
2198,2021-06-11,CE,4996600.0
2199,2021-06-11,PE,2772000.0
2200,2021-06-14,CE,5159000.0
2201,2021-06-14,PE,2798600.0
2202,2021-06-15,CE,5678400.0
2203,2021-06-15,PE,3070200.0
2204,2021-06-16,CE,5840800.0
2205,2021-06-16,PE,3094000.0
2206,2021-06-17,CE,5741400.0
2207,2021-06-17,PE,3098200.0
2208,2021-06-18,CE,4653600.0
2209,2021-06-18,PE,2636200.0
2210,2021-06-21,CE,4067000.0
2211,2021-06-21,PE,2455600.0
2212,2021-06-22,CE,3558800.0
2213,2021-06-22,PE,2087400.0
2214,2021-06-23,CE,2919000.0
2215,2021-06-23,PE,1842400.0
2216,2021-06-24,CE,5740000.0
2217,2021-06-24,PE,3360000.0
2218,2021-06-25,CE,1015000.0
2219,2021-06-25,PE,855400.0
2220,2021-06-28,CE,1253000.0
2221,2021-06-28,PE,959000.0
2222,2021-06-29,CE,1412600.0
2223,2021-06-29,PE,1038800.0
2224,2021-06-30,CE,1447600.0
2225,2021-06-30,PE,1114400.0
2226,2021-07-01,CE,1901200.0
2227,2021-07-01,PE,1184400.0
2228,2021-07-02,CE,2401000.0
2229,2021-07-02,PE,1388800.0
2230,2021-07-05,CE,2395400.0
2231,2021-07-05,PE,1481200.0
2232,2021-07-06,CE,2623600.0
2233,2021-07-06,PE,1794800.0
2234,2021-07-07,CE,2661400.0
2235,2021-07-07,PE,1905400.0
2236,2021-07-08,CE,3018400.0
2237,2021-07-08,PE,2058000.0
2238,2021-07-09,CE,3026800.0
2239,2021-07-09,PE,2137800.0
2240,2021-07-12,CE,3169600.0
2241,2021-07-12,PE,2200800.0
2242,2021-07-13,CE,3098200.0
2243,2021-07-13,PE,2081800.0
2244,2021-07-14,CE,3108000.0
2245,2021-07-14,PE,1953000.0
2246,2021-07-15,CE,3229800.0
2247,2021-07-15,PE,1972600.0
2248,2021-07-16,CE,3151400.0
2249,2021-07-16,PE,2006200.0
2250,2021-07-19,CE,3525200.0
2251,2021-07-19,PE,2079000.0
2252,2021-07-20,CE,3834600.0
2253,2021-07-20,PE,2268000.0
2254,2021-07-22,CE,4160800.0
2255,2021-07-22,PE,2419200.0
2256,2021-07-23,CE,3703000.0
2257,2021-07-23,PE,2238600.0
2258,2021-07-26,CE,3382400.0
2259,2021-07-26,PE,2077600.0
2260,2021-07-27,CE,3375400.0
2261,2021-07-27,PE,2038400.0
2262,2021-07-28,CE,3197600.0
2263,2021-07-28,PE,1950200.0
2264,2021-07-29,CE,4209800.0
2265,2021-07-29,PE,2828000.0
2266,2021-07-30,CE,3106600.0
2267,2021-07-30,PE,2378600.0
2268,2021-08-02,CE,7954800.0
2269,2021-08-02,PE,5056800.0
2270,2021-08-03,CE,4139800.0
2271,2021-08-03,PE,2625000.0
2272,2021-08-04,CE,4401600.0
2273,2021-08-04,PE,2571800.0
2274,2021-08-05,CE,4351200.0
2275,2021-08-05,PE,2513000.0
2276,2021-08-06,CE,4880400.0
2277,2021-08-06,PE,2609600.0
2278,2021-08-09,CE,5146400.0
2279,2021-08-09,PE,2678200.0
2280,2021-08-10,CE,5566400.0
2281,2021-08-10,PE,2913400.0
2282,2021-08-11,CE,5524400.0
2283,2021-08-11,PE,2808400.0
2284,2021-08-12,CE,5896800.0
2285,2021-08-12,PE,2861600.0
2286,2021-08-13,CE,5688200.0
2287,2021-08-13,PE,2769200.0
2288,2021-08-16,CE,6284600.0
2289,2021-08-16,PE,2930200.0
2290,2021-08-17,CE,6507200.0
2291,2021-08-17,PE,3003000.0
2292,2021-08-18,CE,6540800.0
2293,2021-08-18,PE,2976400.0
2294,2021-08-20,CE,6013000.0
2295,2021-08-20,PE,2780400.0
2296,2021-08-23,CE,5399800.0
2297,2021-08-23,PE,2329600.0
2298,2021-08-24,CE,4824400.0
2299,2021-08-24,PE,2046800.0
2300,2021-08-25,CE,4737600.0
2301,2021-08-25,PE,1997800.0
2302,2021-08-26,CE,4594800.0
2303,2021-08-26,PE,1895600.0
2304,2021-08-27,CE,2289000.0
2305,2021-08-27,PE,1223600.0
2306,2021-08-30,CE,3001600.0
2307,2021-08-30,PE,1391600.0
2308,2021-08-31,CE,3998400.0
2309,2021-08-31,PE,1773800.0
2310,2021-09-01,CE,6538000.0
2311,2021-09-01,PE,3388000.0
2312,2021-09-02,CE,5888400.0
2313,2021-09-02,PE,3220000.0
2314,2021-09-03,CE,2899400.0
2315,2021-09-03,PE,1646400.0
2316,2021-09-06,CE,3162600.0
2317,2021-09-06,PE,1689800.0
2318,2021-09-07,CE,3753400.0
2319,2021-09-07,PE,1804600.0
2320,2021-09-08,CE,3753400.0
2321,2021-09-08,PE,1912400.0
2322,2021-09-09,CE,3691800.0
2323,2021-09-09,PE,1954400.0
2324,2021-09-13,CE,3610600.0
2325,2021-09-13,PE,1884400.0
2326,2021-09-14,CE,3694600.0
2327,2021-09-14,PE,1824200.0
2328,2021-09-15,CE,3645600.0
2329,2021-09-15,PE,1919400.0
2330,2021-09-16,CE,4225200.0
2331,2021-09-16,PE,2017400.0
2332,2021-09-17,CE,5791800.0
2333,2021-09-17,PE,2342200.0
2334,2021-09-20,CE,5625200.0
2335,2021-09-20,PE,2261000.0
2336,2021-09-21,CE,5409600.0
2337,2021-09-21,PE,2360400.0
2338,2021-09-22,CE,5427800.0
2339,2021-09-22,PE,2437400.0
2340,2021-09-23,CE,5139400.0
2341,2021-09-23,PE,2374400.0
2342,2021-09-24,CE,5027400.0
2343,2021-09-24,PE,2188200.0
2344,2021-09-27,CE,4858000.0
2345,2021-09-27,PE,1972600.0
2346,2021-09-28,CE,4480000.0
2347,2021-09-28,PE,1974000.0
2348,2021-09-29,CE,4191600.0
2349,2021-09-29,PE,1871800.0
2350,2021-09-30,CE,3844400.0
2351,2021-09-30,PE,1953000.0
2352,2021-10-01,CE,3904600.0
2353,2021-10-01,PE,1605800.0
2354,2021-10-04,CE,10460800.0
2355,2021-10-04,PE,5507600.0
2356,2021-10-05,CE,5587400.0
2357,2021-10-05,PE,2938600.0
2358,2021-10-06,CE,6148800.0
2359,2021-10-06,PE,3255000.0
2360,2021-10-07,CE,5987800.0
2361,2021-10-07,PE,3365600.0
2362,2021-10-08,CE,5952800.0
2363,2021-10-08,PE,3336200.0
2364,2021-10-11,CE,5868800.0
2365,2021-10-11,PE,3278800.0
2366,2021-10-12,CE,6841800.0
2367,2021-10-12,PE,3609200.0
2368,2021-10-13,CE,5660200.0
2369,2021-10-13,PE,3400600.0
2370,2021-10-14,CE,5259800.0
2371,2021-10-14,PE,2952600.0
2372,2021-10-18,CE,5217800.0
2373,2021-10-18,PE,2833600.0
2374,2021-10-19,CE,5164600.0
2375,2021-10-19,PE,2758000.0
2376,2021-10-20,CE,5259800.0
2377,2021-10-20,PE,2703400.0
2378,2021-10-21,CE,5565000.0
2379,2021-10-21,PE,3056200.0
2380,2021-10-22,CE,8610000.0
2381,2021-10-22,PE,4586400.0
2382,2021-10-25,CE,6903400.0
2383,2021-10-25,PE,3493000.0
2384,2021-10-26,CE,5819800.0
2385,2021-10-26,PE,3157000.0
2386,2021-10-27,CE,5248600.0
2387,2021-10-27,PE,2956800.0
2388,2021-10-28,CE,4320400.0
2389,2021-10-28,PE,2951200.0
2390,2021-10-29,CE,3159800.0
2391,2021-10-29,PE,1468600.0
2392,2021-11-01,CE,3248000.0
2393,2021-11-01,PE,1773800.0
2394,2021-11-02,CE,4307800.0
2395,2021-11-02,PE,2353400.0
2396,2021-11-03,CE,4677400.0
2397,2021-11-03,PE,2720200.0
2398,2021-11-04,CE,4709600.0
2399,2021-11-04,PE,2865800.0
2400,2021-11-08,CE,4358200.0
2401,2021-11-08,PE,2952600.0
2402,2021-11-09,CE,9430400.0
2403,2021-11-09,PE,4978400.0
2404,2021-11-10,CE,7890400.0
2405,2021-11-10,PE,5224800.0
2406,2021-11-11,CE,9252600.0
2407,2021-11-11,PE,5156200.0
2408,2021-11-12,CE,10109400.0
2409,2021-11-12,PE,4835600.0
2410,2021-11-15,CE,9401000.0
2411,2021-11-15,PE,4830000.0
2412,2021-11-16,CE,8888600.0
2413,2021-11-16,PE,4666200.0
2414,2021-11-17,CE,8171800.0
2415,2021-11-17,PE,4376400.0
2416,2021-11-18,CE,7043400.0
2417,2021-11-18,PE,3570000.0
2418,2021-11-22,CE,12303200.0
2419,2021-11-22,PE,6143200.0
2420,2021-11-23,CE,5695200.0
2421,2021-11-23,PE,3049200.0
2422,2021-11-24,CE,5560800.0
2423,2021-11-24,PE,2815400.0
2424,2021-11-25,CE,4838400.0
2425,2021-11-25,PE,2591400.0
2426,2021-11-26,CE,1717800.0
2427,2021-11-26,PE,824600.0
2428,2021-11-29,CE,1891400.0
2429,2021-11-29,PE,928200.0
2430,2021-11-30,CE,1899800.0
2431,2021-11-30,PE,966000.0
2432,2021-12-01,CE,2035600.0
2433,2021-12-01,PE,1016400.0
2434,2021-12-02,CE,2147600.0
2435,2021-12-02,PE,1041600.0
2436,2021-12-03,CE,2529800.0
2437,2021-12-03,PE,1162000.0
2438,2021-12-06,CE,2444400.0
2439,2021-12-06,PE,1083600.0
2440,2021-12-07,CE,2438800.0
2441,2021-12-07,PE,1107400.0
2442,2021-12-08,CE,2632000.0
2443,2021-12-08,PE,1212400.0
2444,2021-12-09,CE,2742600.0
2445,2021-12-09,PE,1236200.0
2446,2021-12-10,CE,2864400.0
2447,2021-12-10,PE,1262800.0
2448,2021-12-13,CE,2906400.0
2449,2021-12-13,PE,1220800.0
2450,2021-12-14,CE,3220000.0
2451,2021-12-14,PE,1300600.0
2452,2021-12-15,CE,8540000.0
2453,2021-12-15,PE,2741200.0
2454,2021-12-16,CE,11734800.0
2455,2021-12-16,PE,3557400.0
2456,2021-12-17,CE,11414200.0
2457,2021-12-17,PE,3627400.0
2458,2021-12-20,CE,10760400.0
2459,2021-12-20,PE,3593800.0
2460,2021-12-21,CE,10392200.0
2461,2021-12-21,PE,3367000.0
2462,2021-12-22,CE,10061800.0
2463,2021-12-22,PE,3164000.0
2464,2021-12-23,CE,9114000.0
2465,2021-12-23,PE,2940000.0
2466,2021-12-24,CE,8997800.0
2467,2021-12-24,PE,2867200.0
2468,2021-12-27,CE,8206800.0
2469,2021-12-27,PE,2707600.0
2470,2021-12-28,CE,7516600.0
2471,2021-12-28,PE,2501800.0
2472,2021-12-29,CE,6951000.0
2473,2021-12-29,PE,2494800.0
2474,2021-12-30,CE,6769000.0
2475,2021-12-30,PE,2507400.0
2476,2021-12-31,CE,2429000.0
2477,2021-12-31,PE,1318800.0
2478,2022-01-03,CE,2644600.0
2479,2022-01-03,PE,1496600.0
2480,2022-01-04,CE,2746800.0
2481,2022-01-04,PE,1489600.0
2482,2022-01-05,CE,2840600.0
2483,2022-01-05,PE,1705200.0
2484,2022-01-06,CE,2380000.0
2485,2022-01-06,PE,1727600.0
2486,2022-01-07,CE,2436000.0
2487,2022-01-07,PE,1692600.0
2488,2022-01-10,CE,2339400.0
2489,2022-01-10,PE,1632400.0
2490,2022-01-11,CE,2354800.0
2491,2022-01-11,PE,1544200.0
2492,2022-01-12,CE,2521400.0
2493,2022-01-12,PE,1542800.0
2494,2022-01-13,CE,3154200.0
2495,2022-01-13,PE,1741600.0
2496,2022-01-14,CE,3483200.0
2497,2022-01-14,PE,1824200.0
2498,2022-01-17,CE,3460800.0
2499,2022-01-17,PE,1898400.0
2500,2022-01-18,CE,3088400.0
2501,2022-01-18,PE,1726200.0
2502,2022-01-19,CE,2990400.0
2503,2022-01-19,PE,1699600.0
2504,2022-01-20,CE,2893800.0
2505,2022-01-20,PE,1652000.0
2506,2022-01-21,CE,3826200.0
2507,2022-01-21,PE,1834000.0
2508,2022-01-24,CE,3395000.0
2509,2022-01-24,PE,1661800.0
2510,2022-01-25,CE,2832200.0
2511,2022-01-25,PE,1538600.0
2512,2022-01-27,CE,2739800.0
2513,2022-01-27,PE,1538600.0
2514,2022-01-28,CE,3395000.0
2515,2022-01-28,PE,1883000.0
2516,2022-01-31,CE,3458000.0
2517,2022-01-31,PE,1661800.0
2518,2022-02-01,CE,3351600.0
2519,2022-02-01,PE,1668800.0
2520,2022-02-02,CE,3109400.0
2521,2022-02-02,PE,1699600.0
2522,2022-02-03,CE,4102000.0
2523,2022-02-03,PE,2123800.0
2524,2022-02-04,CE,3999800.0
2525,2022-02-04,PE,2392600.0
2526,2022-02-07,CE,5031600.0
2527,2022-02-07,PE,2822400.0
2528,2022-02-08,CE,5947200.0
2529,2022-02-08,PE,3270400.0
2530,2022-02-09,CE,4790800.0
2531,2022-02-09,PE,3007200.0
2532,2022-02-10,CE,7998200.0
2533,2022-02-10,PE,3509800.0
2534,2022-02-11,CE,7169400.0
2535,2022-02-11,PE,3497200.0
2536,2022-02-14,CE,7907200.0
2537,2022-02-14,PE,3351600.0
2538,2022-02-15,CE,6862800.0
2539,2022-02-15,PE,3337600.0
2540,2022-02-16,CE,7135800.0
2541,2022-02-16,PE,3259200.0
2542,2022-02-17,CE,7193200.0
2543,2022-02-17,PE,3290000.0
2544,2022-02-18,CE,7961800.0
2545,2022-02-18,PE,3404800.0
2546,2022-02-21,CE,6843200.0
2547,2022-02-21,PE,3116400.0
2548,2022-02-22,CE,5436200.0
2549,2022-02-22,PE,2976400.0
2550,2022-02-23,CE,4916800.0
2551,2022-02-23,PE,2585800.0
2552,2022-02-24,CE,4669000.0
2553,2022-02-24,PE,2507400.0
2554,2022-02-25,CE,1512000.0
2555,2022-02-25,PE,875000.0
2556,2022-02-28,CE,1915200.0
2557,2022-02-28,PE,1415400.0
2558,2022-03-02,CE,2643200.0
2559,2022-03-02,PE,1331400.0
2560,2022-03-03,CE,2982000.0
2561,2022-03-03,PE,1512000.0
2562,2022-03-04,CE,3476200.0
2563,2022-03-04,PE,1758400.0
2564,2022-03-07,CE,3921400.0
2565,2022-03-07,PE,1960000.0
2566,2022-03-08,CE,4146800.0
2567,2022-03-08,PE,1894200.0
2568,2022-03-09,CE,4278400.0
2569,2022-03-09,PE,1825600.0
2570,2022-03-10,CE,4212600.0
2571,2022-03-10,PE,1960000.0
2572,2022-03-11,CE,4166400.0
2573,2022-03-11,PE,2007600.0
2574,2022-03-14,CE,4011000.0
2575,2022-03-14,PE,2086000.0
2576,2022-03-15,CE,4019400.0
2577,2022-03-15,PE,2104200.0
2578,2022-03-16,CE,3992800.0
2579,2022-03-16,PE,2228800.0
2580,2022-03-17,CE,4142600.0
2581,2022-03-17,PE,2305800.0
2582,2022-03-21,CE,4193000.0
2583,2022-03-21,PE,2268000.0
2584,2022-03-22,CE,4121600.0
2585,2022-03-22,PE,2104200.0
2586,2022-03-23,CE,4163600.0
2587,2022-03-23,PE,2107000.0
2588,2022-03-24,CE,4202800.0
2589,2022-03-24,PE,2231600.0
2590,2022-03-25,CE,3980200.0
2591,2022-03-25,PE,2254000.0
2592,2022-03-28,CE,3819200.0
2593,2022-03-28,PE,2213400.0
2594,2022-03-29,CE,4235000.0
2595,2022-03-29,PE,2164400.0
2596,2022-03-30,CE,4016600.0
2597,2022-03-30,PE,2213400.0
2598,2022-03-31,CE,3771600.0
2599,2022-03-31,PE,2111200.0
2600,2022-04-01,CE,2108400.0
2601,2022-04-01,PE,691600.0
2602,2022-04-04,CE,2391200.0
2603,2022-04-04,PE,870800.0
2604,2022-04-05,CE,2562000.0
2605,2022-04-05,PE,914200.0
2606,2022-04-06,CE,2703400.0
2607,2022-04-06,PE,1117200.0
2608,2022-04-07,CE,2640400.0
2609,2022-04-07,PE,1148000.0
2610,2022-04-08,CE,2679600.0
2611,2022-04-08,PE,1149400.0
2612,2022-04-11,CE,2742600.0
2613,2022-04-11,PE,1192800.0
2614,2022-04-12,CE,2634800.0
2615,2022-04-12,PE,1359400.0
2616,2022-04-13,CE,2773400.0
2617,2022-04-13,PE,1306200.0
2618,2022-04-18,CE,3152800.0
2619,2022-04-18,PE,1351000.0
2620,2022-04-19,CE,3054800.0
2621,2022-04-19,PE,1300600.0
2622,2022-04-20,CE,2851800.0
2623,2022-04-20,PE,1317400.0
2624,2022-04-21,CE,2917600.0
2625,2022-04-21,PE,1337000.0
2626,2022-04-22,CE,3439800.0
2627,2022-04-22,PE,1512000.0
2628,2022-04-25,CE,3094000.0
2629,2022-04-25,PE,1416800.0
2630,2022-04-26,CE,2994600.0
2631,2022-04-26,PE,1939000.0
2632,2022-04-27,CE,3042200.0
2633,2022-04-27,PE,1915200.0
2634,2022-04-28,CE,2609600.0
2635,2022-04-28,PE,1724800.0
2636,2022-04-29,CE,1552600.0
2637,2022-04-29,PE,705600.0
2638,2022-05-02,CE,1663200.0
2639,2022-05-02,PE,786800.0
2640,2022-05-04,CE,1787800.0
2641,2022-05-04,PE,861000.0
2642,2022-05-05,CE,2798600.0
2643,2022-05-05,PE,1584800.0
2644,2022-05-06,CE,3074400.0
2645,2022-05-06,PE,1561000.0
2646,2022-05-09,CE,3005800.0
2647,2022-05-09,PE,1862000.0
2648,2022-05-10,CE,2937200.0
2649,2022-05-10,PE,1783600.0
2650,2022-05-11,CE,2840600.0
2651,2022-05-11,PE,1654800.0
2652,2022-05-12,CE,3203200.0
2653,2022-05-12,PE,2052400.0
2654,2022-05-13,CE,3070200.0
2655,2022-05-13,PE,2234400.0
2656,2022-05-16,CE,3099600.0
2657,2022-05-16,PE,2487800.0
2658,2022-05-17,CE,3045000.0
2659,2022-05-17,PE,2854600.0
2660,2022-05-18,CE,3206000.0
2661,2022-05-18,PE,3161200.0
2662,2022-05-19,CE,3291400.0
2663,2022-05-19,PE,3018400.0
2664,2022-05-20,CE,3483200.0
2665,2022-05-20,PE,2877000.0
2666,2022-05-23,CE,3312400.0
2667,2022-05-23,PE,3045000.0
2668,2022-05-24,CE,3451000.0
2669,2022-05-24,PE,3327800.0
2670,2022-05-25,CE,2980600.0
2671,2022-05-25,PE,2961000.0
2672,2022-05-26,CE,2627800.0
2673,2022-05-26,PE,2762200.0
2674,2022-05-27,CE,1577800.0
2675,2022-05-27,PE,1013600.0
2676,2022-05-30,CE,1876000.0
2677,2022-05-30,PE,1209600.0
2678,2022-05-31,CE,2118200.0
2679,2022-05-31,PE,1394400.0
2680,2022-06-01,CE,2431800.0
2681,2022-06-01,PE,1603000.0
2682,2022-06-02,CE,2485000.0
2683,2022-06-02,PE,1754200.0
2684,2022-06-03,CE,2597000.0
2685,2022-06-03,PE,1782200.0
2686,2022-06-06,CE,2674000.0
2687,2022-06-06,PE,1957200.0
2688,2022-06-07,CE,3397800.0
2689,2022-06-07,PE,2192400.0
2690,2022-06-08,CE,3682000.0
2691,2022-06-08,PE,2654400.0
2692,2022-06-09,CE,3775800.0
2693,2022-06-09,PE,3017000.0
2694,2022-06-10,CE,3906000.0
2695,2022-06-10,PE,3178000.0
2696,2022-06-13,CE,3770200.0
2697,2022-06-13,PE,2993200.0
2698,2022-06-14,CE,3725400.0
2699,2022-06-14,PE,2997400.0
2700,2022-06-15,CE,3757600.0
2701,2022-06-15,PE,2990400.0
2702,2022-06-16,CE,3722600.0
2703,2022-06-16,PE,2825200.0
2704,2022-06-17,CE,3763200.0
2705,2022-06-17,PE,2920400.0
2706,2022-06-20,CE,3522400.0
2707,2022-06-20,PE,2815400.0
2708,2022-06-21,CE,3515400.0
2709,2022-06-21,PE,3257800.0
2710,2022-06-22,CE,3518200.0
2711,2022-06-22,PE,3050600.0
2712,2022-06-23,CE,4300800.0
2713,2022-06-23,PE,3599400.0
2714,2022-06-24,CE,4722200.0
2715,2022-06-24,PE,4648000.0
2716,2022-06-27,CE,4947600.0
2717,2022-06-27,PE,5003600.0
2718,2022-06-28,CE,6451200.0
2719,2022-06-28,PE,5413800.0
2720,2022-06-29,CE,6281800.0
2721,2022-06-29,PE,5322800.0
2722,2022-06-30,CE,5269600.0
2723,2022-06-30,PE,5075000.0
2724,2022-07-01,CE,3925600.0
2725,2022-07-01,PE,2854600.0
2726,2022-07-04,CE,4079600.0
2727,2022-07-04,PE,3063200.0
2728,2022-07-05,CE,4160800.0
2729,2022-07-05,PE,3364200.0
2730,2022-07-06,CE,3970400.0
2731,2022-07-06,PE,3369800.0
2732,2022-07-07,CE,3984400.0
2733,2022-07-07,PE,3504200.0
2734,2022-07-08,CE,3991400.0
2735,2022-07-08,PE,3592400.0
2736,2022-07-11,CE,4158000.0
2737,2022-07-11,PE,3655400.0
2738,2022-07-12,CE,4404400.0
2739,2022-07-12,PE,3619000.0
2740,2022-07-13,CE,5140800.0
2741,2022-07-13,PE,3816400.0
2742,2022-07-14,CE,5044200.0
2743,2022-07-14,PE,3677800.0
2744,2022-07-15,CE,5369000.0
2745,2022-07-15,PE,4580800.0
2746,2022-07-18,CE,5712000.0
2747,2022-07-18,PE,4589200.0
2748,2022-07-19,CE,6076000.0
2749,2022-07-19,PE,4757200.0
2750,2022-07-20,CE,5839400.0
2751,2022-07-20,PE,4534600.0
2752,2022-07-21,CE,5955600.0
2753,2022-07-21,PE,4547200.0
2754,2022-07-22,CE,6755000.0
2755,2022-07-22,PE,4831400.0
2756,2022-07-25,CE,6525400.0
2757,2022-07-25,PE,4597600.0
2758,2022-07-26,CE,5832400.0
2759,2022-07-26,PE,4475800.0
2760,2022-07-27,CE,5248600.0
2761,2022-07-27,PE,3764600.0
2762,2022-07-28,CE,4628400.0
2763,2022-07-28,PE,3602200.0
2764,2022-07-29,CE,5315800.0
2765,2022-07-29,PE,2812600.0
2766,2022-08-01,CE,5222000.0
2767,2022-08-01,PE,3298400.0
2768,2022-08-02,CE,4901400.0
2769,2022-08-02,PE,3451000.0
2770,2022-08-03,CE,5041400.0
2771,2022-08-03,PE,3362800.0
2772,2022-08-04,CE,5131000.0
2773,2022-08-04,PE,3357200.0
2774,2022-08-05,CE,5210800.0
2775,2022-08-05,PE,3585400.0
2776,2022-08-08,CE,5521600.0
2777,2022-08-08,PE,3756200.0
2778,2022-08-10,CE,5308800.0
2779,2022-08-10,PE,3802400.0
2780,2022-08-11,CE,5390000.0
2781,2022-08-11,PE,3806600.0
2782,2022-08-12,CE,5343800.0
2783,2022-08-12,PE,3813600.0
2784,2022-08-16,CE,5189800.0
2785,2022-08-16,PE,4305000.0
2786,2022-08-17,CE,5247200.0
2787,2022-08-17,PE,4153800.0
2788,2022-08-18,CE,5472600.0
2789,2022-08-18,PE,4473000.0
2790,2022-08-19,CE,5675600.0
2791,2022-08-19,PE,4243400.0
2792,2022-08-22,CE,5370400.0
2793,2022-08-22,PE,3781400.0
2794,2022-08-23,CE,4929400.0
2795,2022-08-23,PE,3753400.0
2796,2022-08-24,CE,4366600.0
2797,2022-08-24,PE,3456600.0
2798,2022-08-25,CE,3761800.0
2799,2022-08-25,PE,2959600.0
2800,2022-08-26,CE,2000600.0
2801,2022-08-26,PE,1163400.0
2802,2022-08-29,CE,2452800.0
2803,2022-08-29,PE,1467200.0
2804,2022-08-30,CE,3106600.0
2805,2022-08-30,PE,1783600.0
2806,2022-09-01,CE,3493000.0
2807,2022-09-01,PE,2437400.0
2808,2022-09-02,CE,3994200.0
2809,2022-09-02,PE,2991800.0
2810,2022-09-05,CE,4116000.0
2811,2022-09-05,PE,3280200.0
2812,2022-09-06,CE,4370800.0
2813,2022-09-06,PE,3771600.0
2814,2022-09-07,CE,4296600.0
2815,2022-09-07,PE,3710000.0
2816,2022-09-08,CE,4396000.0
2817,2022-09-08,PE,3740800.0
2818,2022-09-09,CE,4292400.0
2819,2022-09-09,PE,3710000.0
2820,2022-09-12,CE,4680200.0
2821,2022-09-12,PE,3612000.0
2822,2022-09-13,CE,4876200.0
2823,2022-09-13,PE,3623200.0
2824,2022-09-14,CE,4883200.0
2825,2022-09-14,PE,3480400.0
2826,2022-09-15,CE,5301800.0
2827,2022-09-15,PE,3740800.0
2828,2022-09-16,CE,5362000.0
2829,2022-09-16,PE,3529400.0
2830,2022-09-19,CE,5166000.0
2831,2022-09-19,PE,3509800.0
2832,2022-09-20,CE,5842200.0
2833,2022-09-20,PE,4151000.0
2834,2022-09-21,CE,5783400.0
2835,2022-09-21,PE,4139800.0
2836,2022-09-22,CE,5818400.0
2837,2022-09-22,PE,4058600.0
2838,2022-09-23,CE,6316800.0
2839,2022-09-23,PE,3711400.0
2840,2022-09-26,CE,5944400.0
2841,2022-09-26,PE,3892000.0
2842,2022-09-27,CE,5541200.0
2843,2022-09-27,PE,4068400.0
2844,2022-09-28,CE,4642400.0
2845,2022-09-28,PE,3593800.0
2846,2022-09-29,CE,3893400.0
2847,2022-09-29,PE,3341800.0
2848,2022-09-30,CE,1866200.0
2849,2022-09-30,PE,1925000.0
2850,2022-10-03,CE,2510200.0
2851,2022-10-03,PE,2219000.0
2852,2022-10-04,CE,2517200.0
2853,2022-10-04,PE,2448600.0
2854,2022-10-06,CE,3858400.0
2855,2022-10-06,PE,3070200.0
2856,2022-10-07,CE,4475800.0
2857,2022-10-07,PE,3304000.0
2858,2022-10-10,CE,4585000.0
2859,2022-10-10,PE,3466400.0
2860,2022-10-11,CE,4715200.0
2861,2022-10-11,PE,3430000.0
2862,2022-10-12,CE,5367600.0
2863,2022-10-12,PE,3883600.0
2864,2022-10-13,CE,5563600.0
2865,2022-10-13,PE,3955000.0
2866,2022-10-14,CE,6101200.0
2867,2022-10-14,PE,4138400.0
2868,2022-10-17,CE,6045200.0
2869,2022-10-17,PE,4166400.0
2870,2022-10-18,CE,6143200.0
2871,2022-10-18,PE,5735800.0
2872,2022-10-19,CE,6955200.0
2873,2022-10-19,PE,8015000.0
2874,2022-10-20,CE,6587000.0
2875,2022-10-20,PE,6441400.0
2876,2022-10-21,CE,6225800.0
2877,2022-10-21,PE,5756800.0
2878,2022-10-25,CE,5111400.0
2879,2022-10-25,PE,5367600.0
2880,2022-10-27,CE,4457600.0
2881,2022-10-27,PE,4732000.0
2882,2022-10-28,CE,2419200.0
2883,2022-10-28,PE,1580600.0
2884,2022-10-31,CE,2510200.0
2885,2022-10-31,PE,1856400.0
2886,2022-11-01,CE,2695700.0
2887,2022-11-01,PE,2005500.0
2888,2022-11-02,CE,3139500.0
2889,2022-11-02,PE,1958600.0
2890,2022-11-03,CE,3129000.0
2891,2022-11-03,PE,2176300.0
2892,2022-11-04,CE,4184600.0
2893,2022-11-04,PE,2457000.0
2894,2022-11-07,CE,4893000.0
2895,2022-11-07,PE,2583700.0
2896,2022-11-09,CE,4664800.0
2897,2022-11-09,PE,2800700.0
2898,2022-11-10,CE,6115900.0
2899,2022-11-10,PE,2779700.0
2900,2022-11-11,CE,7090300.0
2901,2022-11-11,PE,2986200.0
2902,2022-11-14,CE,7641200.0
2903,2022-11-14,PE,2986200.0
2904,2022-11-15,CE,7305200.0
2905,2022-11-15,PE,2949800.0
2906,2022-11-16,CE,7235900.0
2907,2022-11-16,PE,2858800.0
2908,2022-11-17,CE,7426300.0
2909,2022-11-17,PE,2810500.0
2910,2022-11-18,CE,6614300.0
2911,2022-11-18,PE,2494800.0
2912,2022-11-21,CE,7181300.0
2913,2022-11-21,PE,2673300.0
2914,2022-11-22,CE,6783000.0
2915,2022-11-22,PE,2688700.0
2916,2022-11-23,CE,5784800.0
2917,2022-11-23,PE,2441600.0
2918,2022-11-24,CE,5051900.0
2919,2022-11-24,PE,2133600.0
2920,2022-11-25,CE,2076200.0
2921,2022-11-25,PE,1300600.0
2922,2022-11-28,CE,2560600.0
2923,2022-11-28,PE,1332800.0
2924,2022-11-29,CE,3036600.0
2925,2022-11-29,PE,1502900.0
2926,2022-11-30,CE,3733100.0
2927,2022-11-30,PE,1878100.0
2928,2022-12-01,CE,3668000.0
2929,2022-12-01,PE,1835400.0
2930,2022-12-02,CE,3930500.0
2931,2022-12-02,PE,1918000.0
2932,2022-12-05,CE,4775400.0
2933,2022-12-05,PE,2267300.0
2934,2022-12-06,CE,4681600.0
2935,2022-12-06,PE,2632000.0
2936,2022-12-07,CE,5110000.0
2937,2022-12-07,PE,2709000.0
2938,2022-12-08,CE,5116300.0
2939,2022-12-08,PE,2758700.0
2940,2022-12-09,CE,5165300.0
2941,2022-12-09,PE,2816100.0
2942,2022-12-12,CE,5166000.0
2943,2022-12-12,PE,2751700.0
2944,2022-12-13,CE,5450900.0
2945,2022-12-13,PE,2829400.0
2946,2022-12-14,CE,5930400.0
2947,2022-12-14,PE,3166100.0
2948,2022-12-15,CE,5050500.0
2949,2022-12-15,PE,3022600.0
2950,2022-12-16,CE,4879700.0
2951,2022-12-16,PE,2763600.0
2952,2022-12-19,CE,5394900.0
2953,2022-12-19,PE,3241000.0
2954,2022-12-20,CE,5303900.0
2955,2022-12-20,PE,3057600.0
2956,2022-12-21,CE,5131000.0
2957,2022-12-21,PE,2713200.0
2958,2022-12-22,CE,4799900.0
2959,2022-12-22,PE,2862300.0
2960,2022-12-23,CE,4508000.0
2961,2022-12-23,PE,2303000.0
2962,2022-12-26,CE,4054400.0
2963,2022-12-26,PE,2135000.0
2964,2022-12-27,CE,3609900.0
2965,2022-12-27,PE,2009700.0
2966,2022-12-28,CE,4105500.0
2967,2022-12-28,PE,2336600.0
2968,2022-12-29,CE,3388700.0
2969,2022-12-29,PE,2408000.0
2970,2022-12-30,CE,2165800.0
2971,2022-12-30,PE,1370600.0
2972,2023-01-02,CE,4957400.0
2973,2023-01-02,PE,3052000.0
2974,2023-01-03,CE,3329200.0
2975,2023-01-03,PE,1878100.0
2976,2023-01-04,CE,4144000.0
2977,2023-01-04,PE,2092300.0
2978,2023-01-05,CE,3874500.0
2979,2023-01-05,PE,2103500.0
2980,2023-01-06,CE,4021500.0
2981,2023-01-06,PE,2123800.0
2982,2023-01-09,CE,4388300.0
2983,2023-01-09,PE,2059400.0
2984,2023-01-10,CE,4413500.0
2985,2023-01-10,PE,2119600.0
2986,2023-01-11,CE,4400200.0
2987,2023-01-11,PE,2117500.0
2988,2023-01-12,CE,4601800.0
2989,2023-01-12,PE,2086000.0
2990,2023-01-13,CE,4867100.0
2991,2023-01-13,PE,2041900.0
2992,2023-01-16,CE,5203100.0
2993,2023-01-16,PE,2076200.0
2994,2023-01-17,CE,5262600.0
2995,2023-01-17,PE,2107000.0
2996,2023-01-18,CE,5107200.0
2997,2023-01-18,PE,2146900.0
2998,2023-01-19,CE,4834900.0
2999,2023-01-19,PE,2182600.0
3000,2023-01-20,CE,5291300.0
3001,2023-01-20,PE,2332400.0
3002,2023-01-23,CE,4705400.0
3003,2023-01-23,PE,2186800.0
3004,2023-01-24,CE,4475800.0
3005,2023-01-24,PE,2667700.0
3006,2023-01-25,CE,3623900.0
3007,2023-01-25,PE,2879800.0
3008,2023-01-27,CE,2434600.0
3009,2023-01-27,PE,1893500.0
3010,2023-01-30,CE,2801400.0
3011,2023-01-30,PE,1988700.0
3012,2023-01-31,CE,2753800.0
3013,2023-01-31,PE,2011100.0
3014,2023-02-01,CE,3023300.0
3015,2023-02-01,PE,2034900.0
3016,2023-02-02,CE,3423000.0
3017,2023-02-02,PE,2224600.0
3018,2023-02-03,CE,3269700.0
3019,2023-02-03,PE,2235100.0
3020,2023-02-06,CE,3273900.0
3021,2023-02-06,PE,2535400.0
3022,2023-02-07,CE,3904600.0
3023,2023-02-07,PE,2657200.0
3024,2023-02-08,CE,3940300.0
3025,2023-02-08,PE,2623600.0
3026,2023-02-09,CE,3792600.0
3027,2023-02-09,PE,2642500.0
3028,2023-02-10,CE,3911600.0
3029,2023-02-10,PE,3021900.0
3030,2023-02-13,CE,4123700.0
3031,2023-02-13,PE,2937200.0
3032,2023-02-14,CE,4405100.0
3033,2023-02-14,PE,3154900.0
3034,2023-02-15,CE,4963700.0
3035,2023-02-15,PE,4047400.0
3036,2023-02-16,CE,4985400.0
3037,2023-02-16,PE,4289600.0
3038,2023-02-17,CE,4594100.0
3039,2023-02-17,PE,3470600.0
3040,2023-02-20,CE,4103400.0
3041,2023-02-20,PE,3768800.0
3042,2023-02-21,CE,3832500.0
3043,2023-02-21,PE,3332000.0
3044,2023-02-22,CE,3280900.0
3045,2023-02-22,PE,2943500.0
3046,2023-02-23,CE,2833600.0
3047,2023-02-23,PE,2587200.0
3048,2023-02-24,CE,1340500.0
3049,2023-02-24,PE,874300.0
3050,2023-02-27,CE,1730400.0
3051,2023-02-27,PE,880600.0
3052,2023-02-28,CE,1897700.0
3053,2023-02-28,PE,1090600.0
3054,2023-03-01,CE,2152500.0
3055,2023-03-01,PE,1382500.0
3056,2023-03-02,CE,2249100.0
3057,2023-03-02,PE,1452500.0
3058,2023-03-03,CE,2153200.0
3059,2023-03-03,PE,1399300.0
3060,2023-03-06,CE,2115400.0
3061,2023-03-06,PE,1456000.0
3062,2023-03-08,CE,2176300.0
3063,2023-03-08,PE,1415400.0
3064,2023-03-09,CE,2455600.0
3065,2023-03-09,PE,1335600.0
3066,2023-03-10,CE,2560600.0
3067,2023-03-10,PE,1295700.0
3068,2023-03-13,CE,2725100.0
3069,2023-03-13,PE,1196300.0
3070,2023-03-14,CE,2682400.0
3071,2023-03-14,PE,1208200.0
3072,2023-03-15,CE,2837100.0
3073,2023-03-15,PE,1213100.0
3074,2023-03-16,CE,2709700.0
3075,2023-03-16,PE,1214500.0
3076,2023-03-17,CE,2797200.0
3077,2023-03-17,PE,1260000.0
3078,2023-03-20,CE,2839200.0
3079,2023-03-20,PE,1432900.0
3080,2023-03-21,CE,2806300.0
3081,2023-03-21,PE,1465100.0
3082,2023-03-22,CE,2772700.0
3083,2023-03-22,PE,1518300.0
3084,2023-03-23,CE,3418100.0
3085,2023-03-23,PE,1598800.0
3086,2023-03-24,CE,3095400.0
3087,2023-03-24,PE,1555400.0
3088,2023-03-27,CE,2641800.0
3089,2023-03-27,PE,1552600.0
3090,2023-03-28,CE,2370900.0
3091,2023-03-28,PE,1348900.0
3092,2023-03-29,CE,2149700.0
3093,2023-03-29,PE,1119300.0
3094,2023-03-31,CE,1374100.0
3095,2023-03-31,PE,841400.0
3096,2023-04-03,CE,1537900.0
3097,2023-04-03,PE,1008000.0
3098,2023-04-05,CE,1738800.0
3099,2023-04-05,PE,1151500.0
3100,2023-04-06,CE,1675100.0
3101,2023-04-06,PE,1183000.0
3102,2023-04-10,CE,1806000.0
3103,2023-04-10,PE,1288000.0
3104,2023-04-11,CE,2343600.0
3105,2023-04-11,PE,1491700.0
3106,2023-04-12,CE,2439500.0
3107,2023-04-12,PE,1597400.0
3108,2023-04-13,CE,2431100.0
3109,2023-04-13,PE,1889300.0
3110,2023-04-17,CE,2788800.0
3111,2023-04-17,PE,2135700.0
3112,2023-04-18,CE,2922500.0
3113,2023-04-18,PE,2028600.0
3114,2023-04-19,CE,3511900.0
3115,2023-04-19,PE,2433200.0
3116,2023-04-20,CE,4237800.0
3117,2023-04-20,PE,2259600.0
3118,2023-04-21,CE,5175800.0
3119,2023-04-21,PE,2438800.0
3120,2023-04-24,CE,5128200.0
3121,2023-04-24,PE,2321200.0
3122,2023-04-25,CE,4493300.0
3123,2023-04-25,PE,2230200.0
3124,2023-04-26,CE,3666600.0
3125,2023-04-26,PE,2032800.0
3126,2023-04-27,CE,2807700.0
3127,2023-04-27,PE,1838200.0
3128,2023-04-28,CE,1542100.0
3129,2023-04-28,PE,1035300.0
3130,2023-05-02,CE,2077600.0
3131,2023-05-02,PE,1388100.0
3132,2023-05-03,CE,2147600.0
3133,2023-05-03,PE,1418200.0
3134,2023-05-04,CE,2970800.0
3135,2023-05-04,PE,1824200.0
3136,2023-05-05,CE,3757600.0
3137,2023-05-05,PE,2923900.0
3138,2023-05-08,CE,3909500.0
3139,2023-05-08,PE,3337600.0
3140,2023-05-09,CE,3801000.0
3141,2023-05-09,PE,3370500.0
3142,2023-05-10,CE,3724000.0
3143,2023-05-10,PE,3595900.0
3144,2023-05-11,CE,3570700.0
3145,2023-05-11,PE,3530100.0
3146,2023-05-12,CE,3614100.0
3147,2023-05-12,PE,3535700.0
3148,2023-05-15,CE,3538500.0
3149,2023-05-15,PE,3477600.0
3150,2023-05-16,CE,3476200.0
3151,2023-05-16,PE,3459400.0
3152,2023-05-17,CE,3679900.0
3153,2023-05-17,PE,3655400.0
3154,2023-05-18,CE,3855600.0
3155,2023-05-18,PE,3508400.0
3156,2023-05-19,CE,3614800.0
3157,2023-05-19,PE,3451700.0
3158,2023-05-22,CE,3304000.0
3159,2023-05-22,PE,2999500.0
3160,2023-05-23,CE,3283000.0
3161,2023-05-23,PE,3039400.0
3162,2023-05-24,CE,3083500.0
3163,2023-05-24,PE,2796500.0
3164,2023-05-25,CE,2688700.0
3165,2023-05-25,PE,2806300.0
3166,2023-05-26,CE,1750700.0
3167,2023-05-26,PE,1362900.0
3168,2023-05-29,CE,1791300.0
3169,2023-05-29,PE,1661800.0
3170,2023-05-30,CE,1875300.0
3171,2023-05-30,PE,1655500.0
3172,2023-05-31,CE,2188900.0
3173,2023-05-31,PE,1626100.0
3174,2023-06-01,CE,2151100.0
3175,2023-06-01,PE,1700300.0
3176,2023-06-02,CE,2518600.0
3177,2023-06-02,PE,1872500.0
3178,2023-06-05,CE,2669100.0
3179,2023-06-05,PE,1911700.0
3180,2023-06-06,CE,3024700.0
3181,2023-06-06,PE,2233700.0
3182,2023-06-07,CE,2669100.0
3183,2023-06-07,PE,2364600.0
3184,2023-06-08,CE,2587900.0
3185,2023-06-08,PE,2233700.0
3186,2023-06-09,CE,2603300.0
3187,2023-06-09,PE,2440200.0
3188,2023-06-12,CE,5740000.0
3189,2023-06-12,PE,3421600.0
3190,2023-06-13,CE,5107900.0
3191,2023-06-13,PE,3330600.0
3192,2023-06-14,CE,4855900.0
3193,2023-06-14,PE,3293500.0
3194,2023-06-15,CE,4892300.0
3195,2023-06-15,PE,3359300.0
3196,2023-06-16,CE,4633300.0
3197,2023-06-16,PE,3217200.0
3198,2023-06-19,CE,4736900.0
3199,2023-06-19,PE,3216500.0
3200,2023-06-20,CE,4657100.0
3201,2023-06-20,PE,3180800.0
3202,2023-06-21,CE,4550700.0
3203,2023-06-21,PE,3145100.0
3204,2023-06-22,CE,4673200.0
3205,2023-06-22,PE,2935100.0
3206,2023-06-23,CE,4452000.0
3207,2023-06-23,PE,2707600.0
3208,2023-06-26,CE,4004000.0
3209,2023-06-26,PE,2450700.0
3210,2023-06-27,CE,3208800.0
3211,2023-06-27,PE,2236500.0
3212,2023-06-28,CE,2617300.0
3213,2023-06-28,PE,2060100.0
3214,2023-06-30,CE,1773800.0
3215,2023-06-30,PE,956900.0
3216,2023-07-03,CE,1962100.0
3217,2023-07-03,PE,1058400.0
3218,2023-07-04,CE,2093000.0
3219,2023-07-04,PE,1143100.0
3220,2023-07-05,CE,2407300.0
3221,2023-07-05,PE,1307600.0
3222,2023-07-06,CE,2592100.0
3223,2023-07-06,PE,1484700.0
3224,2023-07-07,CE,3812200.0
3225,2023-07-07,PE,1877400.0
3226,2023-07-10,CE,3910200.0
3227,2023-07-10,PE,1893500.0
3228,2023-07-11,CE,3311700.0
3229,2023-07-11,PE,1598800.0
3230,2023-07-12,CE,3213700.0
3231,2023-07-12,PE,1531600.0
3232,2023-07-13,CE,3070900.0
3233,2023-07-13,PE,1477000.0
3234,2023-07-14,CE,3705800.0
3235,2023-07-14,PE,1526700.0
3236,2023-07-17,CE,3905300.0
3237,2023-07-17,PE,1717100.0
3238,2023-07-18,CE,3968300.0
3239,2023-07-18,PE,1705900.0
3240,2023-07-19,CE,3657500.0
3241,2023-07-19,PE,1622600.0
3242,2023-07-20,CE,3615500.0
3243,2023-07-20,PE,1694000.0
3244,2023-07-21,CE,3229100.0
3245,2023-07-21,PE,1575700.0
3246,2023-07-24,CE,8165500.0
3247,2023-07-24,PE,2507400.0
3248,2023-07-25,CE,6039600.0
3249,2023-07-25,PE,3525900.0
3250,2023-07-26,CE,4907700.0
3251,2023-07-26,PE,2853900.0
3252,2023-07-27,CE,3933300.0
3253,2023-07-27,PE,2301600.0
3254,2023-07-28,CE,2625000.0
3255,2023-07-28,PE,1562400.0
3256,2023-07-31,CE,2683100.0
3257,2023-07-31,PE,1725500.0
3258,2023-08-01,CE,2811200.0
3259,2023-08-01,PE,1794800.0
3260,2023-08-02,CE,4092900.0
3261,2023-08-02,PE,2170700.0
3262,2023-08-03,CE,3903200.0
3263,2023-08-03,PE,2102100.0
3264,2023-08-04,CE,3929800.0
3265,2023-08-04,PE,2153200.0
3266,2023-08-07,CE,4036900.0
3267,2023-08-07,PE,2304400.0
3268,2023-08-08,CE,4176200.0
3269,2023-08-08,PE,2298100.0
3270,2023-08-09,CE,4193000.0
3271,2023-08-09,PE,2265200.0
3272,2023-08-10,CE,4016600.0
3273,2023-08-10,PE,2125200.0
3274,2023-08-11,CE,4118800.0
3275,2023-08-11,PE,2193100.0
3276,2023-08-16,CE,4425400.0
3277,2023-08-16,PE,2111200.0
3278,2023-08-17,CE,4563300.0
3279,2023-08-17,PE,2116800.0
3280,2023-08-18,CE,4633300.0
3281,2023-08-18,PE,2077600.0
3282,2023-08-21,CE,6777400.0
3283,2023-08-21,PE,2079700.0
3284,2023-08-22,CE,6989500.0
3285,2023-08-22,PE,2233700.0
3286,2023-08-23,CE,7291900.0
3287,2023-08-23,PE,2359700.0
3288,2023-08-24,CE,6933500.0
3289,2023-08-24,PE,2243500.0
3290,2023-08-25,CE,6978300.0
3291,2023-08-25,PE,2084600.0
3292,2023-08-28,CE,6410600.0
3293,2023-08-28,PE,1964900.0
3294,2023-08-29,CE,5903100.0
3295,2023-08-29,PE,2121000.0
3296,2023-08-30,CE,4900700.0
3297,2023-08-30,PE,2671200.0
3298,2023-08-31,CE,3496500.0
3299,2023-08-31,PE,2490600.0
3300,2023-09-01,CE,2578100.0
3301,2023-09-01,PE,1817900.0
3302,2023-09-04,CE,2637600.0
3303,2023-09-04,PE,1861300.0
3304,2023-09-05,CE,2904300.0
3305,2023-09-05,PE,1948800.0
3306,2023-09-06,CE,3164700.0
3307,2023-09-06,PE,2116100.0
3308,2023-09-07,CE,3188500.0
3309,2023-09-07,PE,2122400.0
3310,2023-09-08,CE,3122700.0
3311,2023-09-08,PE,2233000.0
3312,2023-09-11,CE,3071600.0
3313,2023-09-11,PE,2281300.0
3314,2023-09-12,CE,2902200.0
3315,2023-09-12,PE,2136400.0
3316,2023-09-13,CE,2888900.0
3317,2023-09-13,PE,2045400.0
3318,2023-09-14,CE,2896600.0
3319,2023-09-14,PE,2018800.0
3320,2023-09-15,CE,3256400.0
3321,2023-09-15,PE,2372300.0
3322,2023-09-18,CE,3624600.0
3323,2023-09-18,PE,2499700.0
3324,2023-09-20,CE,3602900.0
3325,2023-09-20,PE,2489200.0
3326,2023-09-21,CE,3301900.0
3327,2023-09-21,PE,2384200.0
3328,2023-09-22,CE,3132500.0
3329,2023-09-22,PE,2160200.0
3330,2023-09-25,CE,3163300.0
3331,2023-09-25,PE,2130100.0
3332,2023-09-26,CE,3606400.0
3333,2023-09-26,PE,2375800.0
3334,2023-09-27,CE,3170300.0
3335,2023-09-27,PE,2074100.0
3336,2023-09-28,CE,3025400.0
3337,2023-09-28,PE,1876000.0
3338,2023-09-29,CE,2280600.0
3339,2023-09-29,PE,1122100.0
