time_step,lstm_layers,lstm_units,kernel_initializer,regularizer,penalty,drop_out,drop_out_rate,learning_rate,loss,binary_accuracy,f1_score,roc_auc,val_loss,val_binary_accuracy,val_f1_score,val_roc_auc,Epoch
9,2,34,HeNormal,l2,0.009824543,TRUE,0.15,0.003828705,0.650536299,0.730126917,0.68923074,0.828750491,1.049238205,0.616438329,0.5,0.620120108,20
4,2,42,GlorotNormal,l2,0.014531293,FALSE,0.95,0.008316141,0.708123028,0.562583208,0.459259272,0.541846275,0.698087275,0.589743614,0.333333343,0.621710539,20
9,4,32,GlorotNormal,l2,0.073879496,TRUE,0.45,0.000115109,2.077843189,0.565798283,0.50757575,0.589848459,2.032263994,0.506849289,0,0.604729712,20
5,3,54,HeNormal,l1,0.001395511,FALSE,0,0.003492866,0.782527089,0.601598918,0.502495885,0.589725375,0.85920608,0.532467544,0.357142866,0.618083656,20
6,4,92,GlorotNormal,l1,0.001847865,TRUE,0.4,0.000138744,1.618145823,0.584666669,0.505947649,0.615779281,1.616919518,0.513157904,0.139534876,0.618767321,20
9,4,98,HeNormal,l2,0.014513514,FALSE,0.6,0.002336171,0.711556911,0.533734143,0.50496453,0.547118068,0.699857891,0.534246564,0.638297796,0.611486495,20
8,3,81,HeNormal,l2,0.004448908,TRUE,0.4,0.000114656,6.14554882,0.50934577,0.435917109,0.523261607,6.008610249,0.621621609,0.533333302,0.622807026,20
4,3,81,GlorotNormal,l2,0.032987575,FALSE,0.55,0.004263665,0.704113603,0.56125164,0.441998303,0.548221231,0.704100966,0.551282048,0.285714269,0.610526323,20
6,4,59,GlorotNormal,l2,0.001233726,FALSE,0.75,0.000151886,0.76058042,0.838666677,0.801639318,0.923597813,1.201874971,0.565789461,0.377358526,0.611149549,20
8,3,15,HeNormal,l2,0.006282265,TRUE,0.5,0.002570345,0.687753975,0.592790365,0.541353405,0.620441496,0.684169114,0.594594598,0.482758582,0.66301167,20
9,3,72,GlorotNormal,l2,0.022207091,TRUE,0.75,0.000172757,0.696917355,0.587174356,0.520930231,0.615129948,0.710856915,0.561643839,0.199999988,0.622747779,20
7,2,29,GlorotNormal,l2,0.030495415,TRUE,0.8,0.008553027,0.710110426,0.533689141,0.365122646,0.509045839,0.718598604,0.546666682,0.346153855,0.602062583,20
2,5,16,HeNormal,l2,0.005347601,TRUE,0.35,0.00851938,0.711000264,0.567819178,0.416517049,0.528891742,0.705801666,0.637499988,0.65882355,0.625312507,20
1,2,26,GlorotNormal,l1,0.002370073,FALSE,0.55,0.004374053,0.727069855,0.615946829,0.539808929,0.637844801,0.740576267,0.567901254,0.588235319,0.636585355,20
10,5,32,HeNormal,l1,0.001945808,FALSE,0.2,0.000165603,5.130413532,0.752673805,0.695222378,0.836944222,5.261246204,0.597222209,0.567164183,0.610424757,20
9,3,90,HeNormal,l1,0.001567124,FALSE,0.15,0.001994398,0.626794934,0.745490968,0.720879078,0.83160156,1.266928673,0.616438329,0.517241359,0.606606603,20
1,2,89,HeNormal,l2,0.004181883,FALSE,0,0.000460494,0.181062967,0.980066419,0.974226892,0.998518944,2.00257802,0.69135803,0.657534242,0.65487802,20
6,3,98,HeNormal,l2,0.005293392,TRUE,0.35,0.001152819,0.679482639,0.656666696,0.613653362,0.724107802,0.843811333,0.671052635,0.603174627,0.617382288,20
6,4,22,GlorotNormal,l1,0.00167617,TRUE,0.9,0.000979993,0.712225854,0.463333338,0.465826154,0.517838538,0.720011294,0.618421078,0.674157321,0.659279823,20
7,4,25,GlorotNormal,l2,0.032717301,FALSE,0.5,0.002567442,0.655363739,0.669112742,0.637426913,0.722077966,0.765847147,0.613333344,0.591549277,0.607396901,20
7,2,11,GlorotNormal,l2,0.002134761,TRUE,0.8,0.007554544,0.71355927,0.545697153,0.4625099,0.545318782,0.707321882,0.560000002,0.297872335,0.610597372,20
8,4,89,HeNormal,l2,0.005691214,FALSE,0.1,0.003072822,0.705534041,0.556074739,0.5113886,0.576639891,0.704499304,0.594594598,0.53125006,0.603070199,20
7,3,37,HeNormal,l2,0.033663367,FALSE,0.5,0.002647525,0.572526395,0.788525701,0.747007191,0.851033688,0.937577307,0.600000024,0.516129076,0.62197721,20
3,4,64,GlorotNormal,l1,0.060861375,TRUE,0.1,0.000112259,19.04634476,0.527611434,0.468562901,0.553361893,16.93884659,0.531645596,0.274509817,0.600000024,20
10,2,46,GlorotNormal,l2,0.002210235,TRUE,0.65,0.00018308,0.691756904,0.620989323,0.560124099,0.682395995,0.787695885,0.583333313,0.25,0.611969113,20
7,3,59,HeNormal,l2,0.003218812,FALSE,0,0.002435656,0.669951975,0.687791884,0.647058845,0.770824313,0.816411614,0.573333323,0.483870953,0.638691306,20
5,4,30,GlorotNormal,l2,0.001231642,FALSE,0.95,0.0005382,0.197225332,0.977348447,0.970434785,0.99798274,2.024625063,0.61038959,0.53125,0.600539863,20
7,5,70,HeNormal,l2,0.028168241,FALSE,0.9,0.001858635,0.652494669,0.703802526,0.67591238,0.750033021,0.874478281,0.573333323,0.466666669,0.632645845,20
9,5,57,GlorotNormal,l2,0.008395597,FALSE,0.55,0.004018047,0.714199007,0.538410127,0.445870072,0.529344916,0.708607018,0.506849289,0.660377383,0.605480492,20
1,4,46,GlorotNormal,l2,0.018144908,FALSE,0.9,0.001678637,0.679338276,0.627906978,0.556962073,0.639305234,0.696000874,0.604938269,0.529411733,0.60731709,20
4,2,48,GlorotNormal,l2,0.03317864,FALSE,0.75,0.001078641,0.625125945,0.692410111,0.654708564,0.776262045,0.8671754,0.615384638,0.53125,0.603289485,20
10,4,100,GlorotNormal,l2,0.048174119,FALSE,0,0.000578574,0.708705902,0.564171135,0.484992117,0.564648986,0.704969525,0.513888896,0.054054055,0.60540539,20
3,2,70,HeNormal,l2,0.010730162,TRUE,0.3,0.001490488,0.530843318,0.849634051,0.812603652,0.921544671,1.0789783,0.658227861,0.630137026,0.637179494,20
4,3,14,HeNormal,l2,0.001155188,TRUE,0.6,0.006184222,0.706756413,0.545272946,0.489917815,0.567951977,0.701291859,0.551282048,0.406779647,0.610855281,20
3,4,42,GlorotNormal,l2,0.001627116,FALSE,0.7,0.001362223,0.288828164,0.962741196,0.951724172,0.993665218,1.859267235,0.594936728,0.5,0.600641012,20
7,4,15,GlorotNormal,l2,0.047872394,FALSE,0.8,0.001444169,0.663244069,0.627084732,0.608269095,0.681039274,0.866212666,0.546666682,0.190476194,0.602773845,20
9,3,93,GlorotNormal,l2,0.084533556,TRUE,0.55,0.00018901,0.726767182,0.585838318,0.520123839,0.609047651,0.752983153,0.534246564,0.105263159,0.604354322,20
9,4,62,GlorotNormal,l2,0.070265604,TRUE,0.4,0.000671723,0.705942333,0.569138288,0.495699763,0.577087104,0.714491725,0.534246564,0.105263159,0.607357383,20
1,4,14,HeNormal,l2,0.010176041,FALSE,0.6,0.000249768,0.697340727,0.790697694,0.742857158,0.870489955,0.960277975,0.654321015,0.600000024,0.648170769,20
6,5,68,HeNormal,l2,0.00243592,TRUE,0.8,0.001080085,2.437288761,0.489333332,0.430059522,0.492903352,2.371638536,0.618421078,0.632911384,0.622576118,20
4,5,33,HeNormal,l2,0.064046877,FALSE,0.8,0.001822807,0.703330874,0.566577911,0.469437659,0.574312866,0.711277068,0.512820542,0.512820542,0.607565761,20
6,5,88,HeNormal,l2,0.089610156,FALSE,0.9,0.000230979,1.141135931,0.660000026,0.607692301,0.727488399,1.187242866,0.578947365,0.407407433,0.608379483,20
4,5,84,HeNormal,l2,0.00147413,FALSE,0.65,0.000406796,0.716495454,0.979360878,0.972972929,0.996960461,2.416387081,0.666666687,0.580645204,0.663486838,20
3,5,51,HeNormal,l2,0.005965635,FALSE,0.2,0.000365485,0.279121011,0.997338653,0.996521711,0.999824643,2.017594814,0.658227861,0.640000045,0.652884603,20
1,4,34,HeNormal,l2,0.002880816,FALSE,0.55,0.001697171,0.216117412,0.976079762,0.968858123,0.996678829,1.984700203,0.61728394,0.626506031,0.602743924,20
5,3,92,GlorotNormal,l2,0.009905604,FALSE,0.85,0.00121583,0.088228688,0.994670212,0.993043482,0.999390244,2.654961824,0.584415555,0.5,0.614372492,20
10,3,16,HeNormal,l1,0.002458322,TRUE,0.85,0.000750627,1.125145674,0.487967908,0.438416451,0.493196398,1.085938811,0.666666687,0.684210598,0.659073353,20
8,3,64,HeNormal,l2,0.005312719,TRUE,0.35,0.00105538,0.765824795,0.594125509,0.548961461,0.66432339,0.770897865,0.67567569,0.647058785,0.668494165,20
7,3,25,HeNormal,l2,0.070833525,TRUE,0.15,0.000418344,2.851252317,0.61107403,0.549806952,0.654328942,2.72729969,0.533333361,0.146341458,0.605263174,20
9,3,69,GlorotNormal,l1,0.00113948,TRUE,0.05,0.000383669,0.979929805,0.685370743,0.625298321,0.744108737,1.080195427,0.547945201,0.15384616,0.679429412,20
1,4,96,GlorotNormal,l2,0.00819497,TRUE,0.1,0.00017965,0.614505589,0.764119625,0.715772569,0.848768592,0.84883827,0.61728394,0.597402573,0.648780465,20
6,3,62,GlorotNormal,l1,0.065629844,TRUE,0.1,0.00011279,9.895243645,0.546000004,0.482129306,0.572410226,8.718603134,0.618421078,0.452830195,0.606648207,20
10,5,10,GlorotNormal,l2,0.003948032,FALSE,0.5,0.002248628,0.633292794,0.710561514,0.681383371,0.794594586,0.865567982,0.597222209,0.567164183,0.602316618,20
3,5,11,HeNormal,l1,0.001696033,TRUE,0.15,0.00317272,0.73476088,0.580838323,0.494382054,0.593752265,0.737513483,0.518987358,0.208333343,0.616025627,20
10,4,47,GlorotNormal,l1,0.019460838,TRUE,0.7,0.000120208,2.628566742,0.520053446,0.420032322,0.521520317,2.402657509,0.555555582,0.428571433,0.610810757,20
1,2,52,GlorotNormal,l2,0.027125012,TRUE,0.95,0.002177994,0.700329006,0.398006648,0.548354924,0.499831706,0.704676211,0.493827164,0.661157072,0.65487808,20
3,3,46,HeNormal,l2,0.001399209,FALSE,0.5,0.000214275,0.611586452,0.970059872,0.961767197,0.996887922,1.676760674,0.620253146,0.558823586,0.619551361,20
8,4,38,HeNormal,l2,0.072789729,FALSE,0.45,0.000118319,45.69404984,0.57543391,0.533039629,0.630446792,44.44156647,0.635135114,0.5090909,0.716374278,20
6,5,15,GlorotNormal,l1,0.001241967,FALSE,0.95,0.003296654,0.607416928,0.792666674,0.755695224,0.85527283,0.92307204,0.618421078,0.567164183,0.636080384,20
6,2,88,HeNormal,l2,0.028665617,FALSE,0.95,0.003833639,0.701631486,0.556666672,0.468425274,0.567985892,0.699069023,0.592105269,0.456140369,0.609418273,20
3,5,83,GlorotNormal,l2,0.042832803,FALSE,0.1,0.000516043,0.679387569,0.56021291,0.550645828,0.617122293,0.709907889,0.518987358,0.660714269,0.633653879,20
4,4,25,GlorotNormal,l1,0.001735903,FALSE,0,0.000411615,0.691948235,0.850865483,0.813021779,0.933895648,1.382903218,0.641025662,0.533333302,0.629605234,20
9,3,26,GlorotNormal,l1,0.001002095,TRUE,0.2,0.000621177,0.77435714,0.684702754,0.630094111,0.739964962,0.897752345,0.520547926,0.313725501,0.618993998,20
6,2,45,HeNormal,l1,0.001117668,FALSE,0.5,0.006429327,0.515059829,0.933333337,0.915110409,0.97930634,1.560337424,0.644736826,0.597014964,0.698060989,20
2,5,36,HeNormal,l2,0.00473731,FALSE,0.35,0.001335003,0.24632667,0.978058517,0.9715271,0.996899724,2.1318717,0.574999988,0.5,0.600000024,20
9,4,14,HeNormal,l2,0.007845101,TRUE,0.2,0.000450883,1.863916636,0.569138288,0.490923464,0.587734938,1.809716821,0.575342476,0.311111122,0.614489436,20
9,5,93,HeNormal,l2,0.03855459,TRUE,0.9,0.007013958,0.954101384,0.478957921,0.497422725,0.509644508,2.718532562,0.534246564,0.190476194,0.612612605,20
2,5,11,GlorotNormal,l1,0.003007449,TRUE,0.7,0.000116873,1.060488224,0.484042555,0.419161707,0.49631241,1.050971627,0.550000012,0.25000003,0.602812529,20
9,4,25,HeNormal,l1,0.001128413,FALSE,0.85,0.008174895,0.743466437,0.57648629,0.541907549,0.607867479,0.757249057,0.575342476,0.474576265,0.611111104,20
3,3,32,GlorotNormal,l2,0.021522832,TRUE,0.6,0.004281715,0.709866643,0.55821687,0.43053174,0.545642138,0.71002841,0.544303775,0.142857134,0.600961566,20
1,4,10,HeNormal,l2,0.012802433,TRUE,0.45,0.006753696,0.733556688,0.502990007,0.528967261,0.554671347,0.724145412,0.604938269,0.619047582,0.640548706,20
9,3,81,GlorotNormal,l1,0.002192104,FALSE,0.8,0.001929594,0.515245259,0.839011371,0.799667597,0.922401309,1.276910663,0.671232879,0.600000024,0.663663685,20
2,3,57,GlorotNormal,l1,0.001241611,TRUE,0.25,0.002768555,0.749484301,0.583776593,0.491883129,0.590478063,0.754962504,0.524999976,0.5,0.608437479,20
4,2,31,GlorotNormal,l2,0.068825866,TRUE,0.55,0.002990217,0.709370971,0.54926765,0.452708185,0.545342386,0.704845369,0.538461566,0.181818172,0.634868383,20
9,5,93,GlorotNormal,l2,0.072380279,TRUE,0.55,0.001623196,0.734810352,0.516366065,0.385398984,0.510801971,0.725188792,0.493150681,0.660550416,0.603603661,20
4,3,34,GlorotNormal,l2,0.01520946,TRUE,0.55,0.002830346,0.70788902,0.529960036,0.48391816,0.563519478,0.697023988,0.602564096,0.340425551,0.640131593,20
5,5,73,GlorotNormal,l2,0.060134526,TRUE,0.4,0.001266153,0.717457235,0.5616256,0.487538964,0.561750531,0.709130287,0.584415555,0.483870983,0.604251027,20
9,5,83,HeNormal,l2,0.013826038,TRUE,0.45,0.000914231,0.685098708,0.591182351,0.545994043,0.654817224,0.713364661,0.561643839,0.359999985,0.607357383,20
6,3,60,GlorotNormal,l1,0.00350291,FALSE,0.5,0.000155888,0.792614102,0.680666685,0.616493165,0.738653302,0.907460153,0.605263174,0.464285702,0.615304708,20
5,3,76,HeNormal,l2,0.01164973,TRUE,0.6,0.00470625,0.71113497,0.530979335,0.421052635,0.520643115,0.711397171,0.493506491,0.660869598,0.628205121,20
6,3,52,HeNormal,l2,0.001646897,FALSE,0.7,0.000372812,0.514187276,0.977333307,0.970588207,0.996320546,2.167998075,0.618421078,0.579710126,0.612188339,20
2,3,98,GlorotNormal,l2,0.008875244,TRUE,0.95,0.00073949,0.756265759,0.493351072,0.405616224,0.473817945,0.750185609,0.5,0.047619052,0.637499988,20
1,5,19,GlorotNormal,l1,0.001408159,TRUE,0.15,0.005387042,0.72268641,0.522259116,0.506520271,0.559102416,0.714826345,0.580246925,0.527777731,0.605182946,20
6,4,37,HeNormal,l2,0.014946695,FALSE,0.05,0.002166277,0.68365103,0.588,0.559829056,0.620300591,0.696279407,0.618421078,0.613333285,0.607686996,20
6,4,29,HeNormal,l1,0.002333488,FALSE,0.8,0.000368657,0.863708258,0.953333318,0.939655125,0.988800228,2.119699478,0.578947365,0.483870983,0.615650952,20
5,2,82,HeNormal,l1,0.037557038,FALSE,0.55,0.00013264,104.7632523,0.590939403,0.529141128,0.627224386,100.2308426,0.571428597,0.297872335,0.637651801,20
10,2,15,GlorotNormal,l2,0.004045389,TRUE,0,0.009966951,0.556369245,0.7974599,0.748964369,0.873070478,0.911560774,0.666666687,0.636363685,0.64864862,20
3,4,88,GlorotNormal,l2,0.00841483,TRUE,0.15,0.000868549,0.648337424,0.685961425,0.645112813,0.764370501,0.818495035,0.658227861,0.630137026,0.612179518,20
4,2,76,HeNormal,l2,0.096734311,TRUE,0.35,0.000160476,22.47971916,0.565912127,0.487421393,0.580877542,21.38382339,0.56410259,0.291666657,0.607236862,20
3,4,89,GlorotNormal,l2,0.006024723,FALSE,0.95,0.001048345,0.216030344,0.98735863,0.983435094,0.998899221,2.017625809,0.632911384,0.579710186,0.654807687,20
5,3,33,HeNormal,l2,0.04687979,FALSE,0.4,0.000265374,8.894913673,0.654896736,0.594043911,0.710910857,8.441349983,0.623376608,0.567164183,0.651147127,20
1,2,71,GlorotNormal,l2,0.003084175,FALSE,0.35,0.000599693,0.365431845,0.904318929,0.879999995,0.970993936,1.38209784,0.555555582,0.419354826,0.611890197,20
8,4,52,GlorotNormal,l2,0.005663063,FALSE,0.4,0.000816735,0.546363235,0.837783694,0.804505229,0.923893392,1.254948854,0.554054081,0.352941185,0.609649122,20
5,3,100,HeNormal,l2,0.009337117,FALSE,0.15,0.000900593,0.605474353,0.812791467,0.77573818,0.899879158,1.142908812,0.584415555,0.529411793,0.622469664,20
3,3,62,HeNormal,l1,0.004926946,TRUE,0.8,0.00018406,0.839791715,0.49900201,0.425629288,0.494764149,0.826510251,0.58227849,0.521739185,0.600961506,20
9,2,58,HeNormal,l2,0.013733775,TRUE,0.95,0.000211014,1.19125092,0.50434202,0.442105263,0.506082296,1.161298394,0.602739751,0.666666687,0.613363326,20
9,4,85,HeNormal,l1,0.001527581,TRUE,0.45,0.000236461,1.614967704,0.60788244,0.544608176,0.646472037,1.672084451,0.465753436,0,0.606981993,20
3,3,91,HeNormal,l2,0.004778201,FALSE,0.6,0.000390597,1.314682961,0.943446457,0.92741251,0.984164894,2.056228876,0.531645596,0.412698448,0.606410265,20
10,3,14,HeNormal,l1,0.044304086,TRUE,0.95,0.000105442,3.106670856,0.53877008,0.437194139,0.528447032,3.057489157,0.638888896,0.704545498,0.615830064,20
6,5,40,GlorotNormal,l1,0.015690408,TRUE,0.85,0.000127632,3.362411737,0.49333334,0.424242437,0.482502401,3.136355639,0.631578922,0.621621609,0.607686996,20
8,3,38,GlorotNormal,l2,0.010195868,TRUE,0.95,0.006519022,0.907093167,0.523364484,0.354430377,0.498137504,0.804250479,0.486486495,0.654545486,0.641447365,20
4,4,95,GlorotNormal,l2,0.037767832,TRUE,0.5,0.001982532,0.718918383,0.554593861,0.456539392,0.573289037,0.753577471,0.538461566,0.672727227,0.623355269,20
2,2,90,GlorotNormal,l2,0.079621968,TRUE,0.4,0.002461224,0.716889739,0.558510661,0.463651061,0.551514506,0.71309644,0.600000024,0.636363626,0.613125026,20
1,2,85,HeNormal,l2,0.001628783,FALSE,0.25,0.001354989,0.433254331,0.925581396,0.903614461,0.980424404,1.192492247,0.61728394,0.586666703,0.610670686,20
8,4,56,HeNormal,l2,0.05241918,FALSE,0.9,0.006217141,0.702306271,0.476635516,0.492228001,0.498277217,0.814231873,0.594594598,0.666666746,0.619517565,20
9,4,15,GlorotNormal,l1,0.004501933,TRUE,0.2,0.00082599,0.697094083,0.587842345,0.532221317,0.622229755,0.771633327,0.506849289,0,0.622372389,20
7,2,40,GlorotNormal,l2,0.027276465,FALSE,0.65,0.006852448,0.704966903,0.565710485,0.500383735,0.573935747,0.702300847,0.546666682,0.291666657,0.640825033,20
8,2,34,GlorotNormal,l2,0.006235315,TRUE,0.6,0.005666366,0.703156233,0.577436566,0.552650154,0.620840788,0.722957551,0.581081092,0.340425521,0.619517565,20
9,5,29,HeNormal,l1,0.067150831,FALSE,0.25,0.000253492,20.83008575,0.549098194,0.461292922,0.550223589,19.63375473,0.616438329,0.416666657,0.617867827,20
10,2,85,HeNormal,l2,0.00137776,FALSE,0.45,0.003284219,0.084748402,1,1,0.99999994,1.88288939,0.652777791,0.603174567,0.617760599,20
6,5,51,HeNormal,l2,0.003093311,TRUE,0.9,0.000611242,4.122141838,0.5,0.430956006,0.511868477,4.043420792,0.631578922,0.688888848,0.610457063,20
3,2,26,GlorotNormal,l2,0.00711982,FALSE,0.6,0.000994549,0.059338957,0.996673346,0.995655954,0.999975681,2.741939783,0.670886099,0.628571451,0.660897493,20
4,2,61,GlorotNormal,l2,0.005595978,TRUE,0.5,0.000774139,0.732720375,0.59520638,0.522012532,0.616316974,0.744709671,0.525641024,0.212765977,0.622697353,20
5,4,39,HeNormal,l1,0.012497499,TRUE,0.45,0.000120019,2.599736452,0.550966024,0.477519363,0.570929348,2.502202988,0.558441579,0.319999993,0.614709854,20
10,4,36,HeNormal,l2,0.067872702,TRUE,0.85,0.001340755,0.727235436,0.532754004,0.43216899,0.52464807,0.722885311,0.652777791,0.626865685,0.651737452,20
10,4,16,GlorotNormal,l2,0.029877802,TRUE,0.2,0.001560415,0.689257443,0.59157753,0.520031452,0.612418234,0.702712059,0.513888896,0.054054055,0.625482678,20
4,3,61,GlorotNormal,l1,0.019595525,TRUE,0.35,0.000163699,3.415491343,0.535286307,0.438906759,0.543135047,2.877360106,0.525641024,0.139534876,0.617434204,20
10,2,12,HeNormal,l1,0.001379036,TRUE,0.7,0.00527681,0.725460291,0.570855618,0.495282978,0.576755822,0.731299758,0.555555582,0.157894731,0.614285707,20
6,3,96,GlorotNormal,l2,0.022467334,TRUE,0.25,0.000247096,0.696884453,0.649999976,0.595842957,0.706630945,0.729595721,0.671052635,0.603174627,0.668282509,20
7,3,62,GlorotNormal,l2,0.011929787,FALSE,0.65,0.001032805,0.6628685,0.663108766,0.611837029,0.72520107,0.773415327,0.573333323,0.360000014,0.609886229,20
3,4,26,HeNormal,l1,0.01140034,TRUE,0.6,0.000191462,12.02085686,0.49900201,0.440148681,0.488428414,11.62773895,0.518987358,0.620000005,0.613782048,20
2,3,55,HeNormal,l2,0.0086392,FALSE,0.55,0.000478886,0.430931389,0.952792525,0.939264297,0.99094075,1.948108315,0.550000012,0.454545438,0.601249993,20
7,4,14,GlorotNormal,l2,0.03261103,FALSE,0.55,0.001665126,0.612973332,0.719813228,0.692982435,0.789438426,0.937916577,0.560000002,0.400000006,0.634423912,20
6,2,13,GlorotNormal,l1,0.007575316,FALSE,0.95,0.00768738,0.727974057,0.589999974,0.488778025,0.596053958,0.744139194,0.526315808,0.099999994,0.604570627,20
10,4,58,HeNormal,l2,0.001740002,FALSE,0.95,0.000113344,3.114324808,0.728609622,0.678797543,0.804527879,3.189899445,0.569444418,0.491803288,0.605791569,20
7,5,39,HeNormal,l2,0.010699717,FALSE,0.9,0.003021691,0.688334048,0.644429624,0.600150049,0.674898744,0.734940886,0.573333323,0.428571403,0.601706982,20
8,2,83,HeNormal,l2,0.067641296,TRUE,0.55,0.000201503,0.678677738,0.604806423,0.524115682,0.643741786,0.705347598,0.594594598,0.318181843,0.613669574,20
9,5,72,GlorotNormal,l2,0.003469634,FALSE,0.4,0.00154812,0.627172947,0.719438851,0.692532957,0.788225293,0.800660253,0.643835604,0.566666603,0.638889015,20
4,5,30,HeNormal,l2,0.028453327,TRUE,0.7,0.000328832,2.293897867,0.493342221,0.43081525,0.497552186,2.209182739,0.589743614,0.466666669,0.622039437,20
9,3,36,GlorotNormal,l1,0.008019021,FALSE,0.55,0.000188311,2.697933197,0.612558424,0.548286557,0.644883394,2.511080027,0.506849289,0,0.70082581,20
2,4,91,GlorotNormal,l2,0.00145458,TRUE,0.2,0.002087685,0.609227657,0.848404229,0.811570287,0.921014547,1.108656645,0.600000024,0.600000024,0.606562495,20
9,5,92,GlorotNormal,l2,0.049999633,FALSE,0.3,0.001601349,0.713456213,0.537074149,0.450436175,0.527918875,0.71283704,0.479452044,0,0.6006006,20
10,2,31,GlorotNormal,l2,0.0467539,TRUE,0.35,0.000199943,0.660406411,0.637032092,0.574784636,0.680417478,0.737872899,0.541666687,0.15384616,0.617374539,20
3,5,95,HeNormal,l2,0.001975048,FALSE,0.25,0.000334961,0.290583104,0.994011998,0.992153406,0.999884605,2.40846467,0.645569623,0.611111164,0.669230819,20
10,2,48,HeNormal,l2,0.002536386,FALSE,0,0.004823783,0.635897696,0.814839602,0.777510047,0.906048179,1.260941148,0.625,0.526315808,0.608108103,20
8,2,72,GlorotNormal,l2,0.003486389,TRUE,0.8,0.001393139,0.681002676,0.624165535,0.566589713,0.673475266,0.705370307,0.64864862,0.551724136,0.629386008,20
6,4,38,GlorotNormal,l1,0.001033741,FALSE,0.25,0.004176097,0.690037251,0.687333345,0.621468961,0.714157104,0.769467533,0.565789461,0.535211265,0.625346243,20
1,4,18,HeNormal,l2,0.010607864,FALSE,0.55,0.002104607,0.471554816,0.808637857,0.769599974,0.895873785,1.016728163,0.69135803,0.666666687,0.656402469,20
9,2,46,GlorotNormal,l2,0.089593679,TRUE,0.55,0.000980608,0.694857299,0.582498312,0.512860477,0.594329774,0.711786211,0.506849289,0,0.633633614,20
2,5,68,HeNormal,l2,0.006779529,TRUE,0.05,0.000953397,0.557019114,0.882313848,0.851385415,0.954074442,1.52046895,0.612500012,0.597402573,0.602500021,20
9,3,13,HeNormal,l1,0.088015104,FALSE,0.95,0.000232964,12.00010395,0.561790228,0.413237959,0.556335211,11.68040085,0.589041114,0.516129017,0.62612617,20
4,2,41,HeNormal,l1,0.016534579,TRUE,0.65,0.000114512,2.138500929,0.513981342,0.415064126,0.515502036,2.080268145,0.628205121,0.65882355,0.613157928,20
7,4,16,GlorotNormal,l2,0.021321979,TRUE,0.6,0.003979793,0.70223254,0.558372259,0.525107563,0.579804778,0.701805711,0.626666665,0.5,0.602418244,20
8,3,28,HeNormal,l2,0.025641193,FALSE,0.95,0.000111467,10.14507008,0.579439223,0.503937006,0.628050029,9.921866417,0.635135114,0.597014904,0.69005847,20
4,2,63,HeNormal,l1,0.00351234,TRUE,0.8,0.000369657,0.706590414,0.518641829,0.451857477,0.528042555,0.702312589,0.538461566,0.37931034,0.625,20
7,3,12,HeNormal,l1,0.001179061,TRUE,0.1,0.002769737,0.785731435,0.627751827,0.555732489,0.665372908,0.818384707,0.600000024,0.423076957,0.612019897,20
10,4,71,GlorotNormal,l1,0.001576063,TRUE,0.05,0.003419394,0.790518641,0.589572191,0.483164966,0.585567296,0.808764458,0.611111104,0.600000024,0.633590758,20
8,5,47,GlorotNormal,l2,0.001024046,TRUE,0.8,0.001540432,0.69259727,0.60680908,0.550724626,0.632869005,0.723326802,0.567567587,0.483870953,0.60051167,20
2,4,14,HeNormal,l2,0.082809499,TRUE,0.3,0.001384022,0.699483275,0.565159559,0.458609283,0.560611248,0.682753205,0.649999976,0.666666687,0.666562557,20
8,2,17,HeNormal,l1,0.006801887,FALSE,0.5,0.000653388,0.771406651,0.585447252,0.527037263,0.614104629,0.808748007,0.513513505,0,0.633771896,20
6,4,56,HeNormal,l2,0.056401558,TRUE,0.45,0.000444805,3.296003342,0.577333331,0.510802507,0.594371676,2.963190794,0.513157904,0.097560979,0.601454258,20
7,3,27,HeNormal,l2,0.013921056,FALSE,0,0.001437381,0.670988977,0.65176785,0.603343487,0.727943182,0.782772124,0.573333323,0.466666669,0.610953093,20
3,3,30,HeNormal,l2,0.025401635,TRUE,0.85,0.000185828,4.213032722,0.520958066,0.443585783,0.520764351,4.094709873,0.632911384,0.666666687,0.601923108,20
10,4,74,HeNormal,l2,0.011003795,FALSE,0.55,0.000160519,1.942036152,0.921791434,0.90126586,0.981137872,3.038024664,0.625,0.608695686,0.621235609,20
9,3,93,HeNormal,l2,0.004584418,FALSE,0.6,0.00233985,0.675111711,0.63994658,0.573913097,0.685784876,0.750404894,0.534246564,0.260869563,0.611861885,20
1,5,99,GlorotNormal,l2,0.001570045,FALSE,0,0.002808109,0.236463159,0.951494992,0.936466515,0.988569438,1.79381907,0.629629612,0.666666687,0.604878008,20
1,5,28,HeNormal,l2,0.008719242,FALSE,0.45,0.002825525,0.680359066,0.657807291,0.576131642,0.689851284,0.708300292,0.604938269,0.578947425,0.624390244,20
2,3,32,HeNormal,l2,0.00977343,TRUE,0.15,0.008905272,0.724459529,0.581117034,0.44542253,0.568769455,0.750349462,0.600000024,0.589743555,0.615312517,20
1,2,29,GlorotNormal,l2,0.004361073,TRUE,0.4,0.005813111,0.697894633,0.556146204,0.487730086,0.581241727,0.695044994,0.592592597,0.521739066,0.607926846,20
4,4,35,HeNormal,l1,0.001258812,TRUE,0.7,0.000527697,1.11509037,0.501331568,0.403187245,0.480137765,1.098669767,0.589743614,0.644444466,0.616776347,20
8,5,33,HeNormal,l2,0.006564307,FALSE,0.2,0.005064592,0.705129623,0.521361828,0.512576461,0.550480306,0.709961236,0.594594598,0.666666746,0.634502888,20
10,4,45,GlorotNormal,l2,0.004816603,TRUE,0.3,0.000676307,0.63830781,0.715909064,0.668227911,0.781715393,0.867044032,0.527777791,0.370370388,0.615057945,20
1,5,78,HeNormal,l1,0.002808828,TRUE,0.35,0.000340469,1.173687935,0.498338878,0.494983286,0.532721817,1.129127264,0.444444448,0.601769924,0.613414586,20
3,2,16,HeNormal,l1,0.007001977,TRUE,0.55,0.001384903,0.7076208,0.534264803,0.45652172,0.539990902,0.708934486,0.481012672,0,0.605448723,20
6,2,90,HeNormal,l1,0.044791885,TRUE,0.95,0.003537291,2.148584366,0.572000027,0.189393938,0.460613459,2.142617226,0.5,0,0.605263174,20
1,2,25,GlorotNormal,l1,0.003012607,TRUE,0.3,0.004788263,0.713609755,0.552159488,0.495508969,0.588881731,0.711975217,0.555555582,0.4375,0.611890197,20
6,4,49,GlorotNormal,l2,0.001081845,TRUE,0.5,0.000965045,0.796232998,0.578000009,0.506625116,0.603177905,0.80499959,0.618421078,0.602739751,0.601108074,20
9,5,37,GlorotNormal,l1,0.002585031,FALSE,0.35,0.001694107,0.696045339,0.621242464,0.604326546,0.657715559,0.77873379,0.589041114,0.464285731,0.606981993,20
9,4,52,HeNormal,l1,0.005060146,FALSE,0.65,0.000395968,0.671997488,0.760855019,0.715421379,0.850902915,1.06726563,0.630136967,0.5090909,0.619744778,20
5,4,63,GlorotNormal,l2,0.00224213,FALSE,0.85,0.002068491,0.281033576,0.963357747,0.952789664,0.992757559,1.37442863,0.636363626,0.588235378,0.696356237,20
6,3,77,GlorotNormal,l2,0.003459717,FALSE,0.25,0.00212332,0.666676044,0.664666653,0.634713173,0.73605454,0.721230567,0.618421078,0.641975284,0.677285314,20
9,4,15,GlorotNormal,l2,0.001346837,TRUE,0.95,0.008944021,0.716023743,0.46426186,0.513939381,0.514801979,0.759332061,0.520547926,0.666666687,0.617492437,20
5,5,88,GlorotNormal,l2,0.004933581,FALSE,0.8,0.000513555,0.325657427,0.984676898,0.980052054,0.998070061,2.380626917,0.519480526,0.350877196,0.631916344,20
4,5,80,GlorotNormal,l2,0.00124445,TRUE,0.9,0.0083867,1.612514496,0.459387481,0.40729925,0.464702427,1.549818158,0.538461566,0.660377383,0.624342084,20
1,4,28,GlorotNormal,l2,0.001145826,FALSE,0.45,0.00129673,0.257078081,0.947508335,0.932420909,0.988573134,1.371014476,0.654321015,0.600000024,0.629573166,20
4,3,87,HeNormal,l2,0.02231554,TRUE,0.9,0.00218899,0.759827554,0.513315558,0.436391681,0.522601187,0.803693116,0.576923072,0.629213512,0.640460551,20
1,5,64,GlorotNormal,l2,0.018244412,FALSE,0.45,0.00019305,0.291854084,0.950166106,0.935952127,0.99187839,2.040379524,0.61728394,0.550724626,0.601219475,20
8,5,35,GlorotNormal,l2,0.068872915,FALSE,0.15,0.00206206,0.70563072,0.522696912,0.476956844,0.557329834,0.709294379,0.540540516,0.370370388,0.61147666,20
6,3,84,HeNormal,l2,0.0074091,TRUE,0.9,0.000849815,1.286324382,0.479999989,0.439655185,0.494282365,1.218628407,0.605263174,0.594594598,0.609418273,20
10,2,50,GlorotNormal,l1,0.074114019,TRUE,0.85,0.000109643,3.249428511,0.495989293,0.461428553,0.51961565,2.89398241,0.583333313,0.673913002,0.600386143,20
7,3,92,HeNormal,l2,0.011664403,TRUE,0.9,0.002962581,0.695625126,0.534356236,0.364298701,0.498776972,0.696303129,0.626666665,0.666666687,0.603485107,20
10,3,63,HeNormal,l1,0.06709934,FALSE,0.55,0.000161767,143.5232544,0.601604283,0.523961663,0.635432363,136.1459961,0.666666687,0.612903297,0.629343688,20
7,4,11,GlorotNormal,l2,0.018302112,FALSE,0,0.002331853,0.405151665,0.863909245,0.836799979,0.945279002,1.3883003,0.586666644,0.550724626,0.604907513,20
10,4,16,HeNormal,l2,0.001565504,TRUE,0.6,0.004771889,0.700686514,0.597593606,0.535493851,0.638608456,0.703314245,0.638888896,0.628571451,0.630115867,20
9,5,47,GlorotNormal,l2,0.007597301,TRUE,0.05,0.002239246,0.675999999,0.638610542,0.611629605,0.682383418,0.725176871,0.602739751,0.472727239,0.640015006,20
4,4,36,HeNormal,l2,0.002057197,TRUE,0.8,0.001014421,0.765128851,0.505991995,0.403537005,0.490925521,0.758013427,0.576923072,0.326530606,0.600328922,20
5,2,47,HeNormal,l2,0.0038166,TRUE,0.1,0.003144391,0.217965126,0.970686197,0.96213424,0.996169388,2.076545,0.61038959,0.516129,0.615047216,120
4,4,59,HeNormal,l2,0.001189603,FALSE,0,0.001232418,0.236517474,0.988681734,0.985230207,0.999675989,2.319880486,0.615384638,0.545454502,0.604934216,115
5,3,15,HeNormal,l2,0.004568019,TRUE,0.55,0.005069857,0.688214362,0.590273142,0.529456794,0.625937164,0.713845015,0.571428597,0.297872335,0.613360345,207
3,5,92,HeNormal,l2,0.001078493,TRUE,0.7,0.001078506,1.001092553,0.477711231,0.404852182,0.472152621,0.981515884,0.607594907,0.651685357,0.670833349,44
4,3,60,HeNormal,l2,0.007892097,TRUE,0.75,0.003003164,0.719639182,0.54260987,0.485393256,0.555044293,0.713628411,0.641025662,0.533333302,0.638157845,31
2,5,16,HeNormal,l2,0.003998534,TRUE,0.4,0.009230048,0.705748916,0.549202144,0.39464286,0.530065358,0.7073102,0.512499988,0.654867232,0.615937531,19
5,4,27,HeNormal,l2,0.005809113,TRUE,0.2,0.002789523,0.553969145,0.796802104,0.761904776,0.88258487,1.018167257,0.623376608,0.55384618,0.632591128,116
3,5,76,HeNormal,l2,0.001488216,TRUE,0.65,0.006759866,1.033025026,0.539587498,0.361623615,0.486258686,0.970292807,0.58227849,0.679611683,0.620833337,6
2,3,62,HeNormal,l2,0.00418863,TRUE,0.55,0.002240001,0.721319616,0.568484068,0.485329092,0.577764988,0.715246975,0.5625,0.520547926,0.618437529,65
6,3,90,HeNormal,l2,0.001449685,FALSE,0,0.004465868,0.711331964,0.632666647,0.602166057,0.699473083,0.773935378,0.631578922,0.674418628,0.649930716,17
2,2,89,HeNormal,l2,0.003263096,FALSE,0,0.002145911,0.178323761,0.964095771,0.953608215,0.99308753,2.157727957,0.637499988,0.623376608,0.609687507,203
2,4,45,HeNormal,l2,0.004928584,FALSE,0,0.001798486,0.383906454,0.954122365,0.941673756,0.987832069,1.811089754,0.637499988,0.641975284,0.633437514,39
4,3,27,HeNormal,l2,0.003665909,FALSE,0,0.008057723,0.704827547,0.569240987,0.506483614,0.57634455,0.706987798,0.615384638,0.605263174,0.646052599,9
6,5,67,HeNormal,l2,0.002713217,FALSE,0,0.006271011,0.706987619,0.538666666,0.44193548,0.539968669,0.712108493,0.5,0.666666687,0.676246524,8
5,2,11,HeNormal,l2,0.001871726,TRUE,0.8,0.008691688,0.706534922,0.503664196,0.375523865,0.491829932,0.701031744,0.571428597,0.62068969,0.623144448,8
2,2,96,HeNormal,l2,0.007025872,FALSE,0,0.003276164,0.272282004,0.955452144,0.942686021,0.990537941,1.896239996,0.625,0.583333313,0.63062501,151
3,4,64,HeNormal,l2,0.029850256,TRUE,0.15,0.001059523,0.692246675,0.561543584,0.530292273,0.606613994,0.705524683,0.493670881,0.622641504,0.606089711,78
6,2,46,HeNormal,l2,0.00192626,TRUE,0.7,0.001353071,1.060362697,0.492000014,0.444606423,0.516952217,1.011743546,0.631578922,0.611111104,0.61980617,6
2,4,46,HeNormal,l2,0.010977276,FALSE,0,0.004097118,0.698463857,0.571808517,0.464226276,0.569753885,0.703932106,0.550000012,0.640000045,0.604375005,29
3,4,89,HeNormal,l2,0.003531135,FALSE,0,0.007242136,0.717114687,0.558882236,0.469175369,0.550989628,0.745049655,0.569620252,0.673076928,0.621474385,53
2,4,44,HeNormal,l2,0.004414872,TRUE,0.5,0.001457395,0.644221306,0.674867034,0.631499648,0.754982948,0.741100192,0.600000024,0.567567527,0.620937467,324
3,3,35,HeNormal,l2,0.010212166,TRUE,0.85,0.001217608,0.715453506,0.525615454,0.430965722,0.523818254,0.712058663,0.569620252,0.527777791,0.601602554,31
4,3,10,HeNormal,l2,0.00891856,FALSE,0,0.005013151,0.540744364,0.776964068,0.753131926,0.861029267,1.059519887,0.641025662,0.599999964,0.635855258,158
5,2,89,HeNormal,l2,0.003529183,FALSE,0,0.001678951,0.161947712,0.991339087,0.988606453,0.999713898,1.837812901,0.636363626,0.575757563,0.61403507,80
3,3,59,HeNormal,l2,0.006793462,TRUE,0.25,0.006326006,0.716057122,0.5455755,0.451405644,0.561842918,0.716750264,0.607594907,0.673684239,0.637179494,25
2,4,68,HeNormal,l2,0.005701224,TRUE,0.1,0.001142686,0.409106433,0.932845771,0.914623797,0.979673922,1.496055245,0.612500012,0.563380301,0.615937471,71
6,4,11,HeNormal,l2,0.002133084,TRUE,0.35,0.001630057,0.670120418,0.638666689,0.596726179,0.688795209,0.807345867,0.539473712,0.313725501,0.600069284,47
3,4,33,HeNormal,l2,0.002400069,FALSE,0,0.006373676,0.712690592,0.566866279,0.566289127,0.622396588,0.726844132,0.58227849,0.50746268,0.623076916,16
6,3,48,HeNormal,l2,0.012473381,TRUE,0.35,0.00132079,0.698607206,0.55066669,0.510174394,0.609470129,0.693833232,0.631578922,0.681818247,0.636080384,35
4,5,88,HeNormal,l2,0.041098949,FALSE,0,0.001519799,0.71019119,0.503328919,0.438252985,0.526035249,0.703642547,0.576923072,0.547945201,0.646052599,33
6,3,25,HeNormal,l2,0.020750729,TRUE,0.5,0.00263709,0.693018138,0.56066668,0.496562243,0.585837662,0.717039824,0.5,0,0.628808856,29
4,5,29,HeNormal,l2,0.005818071,TRUE,0.95,0.005022374,0.743022561,0.523968041,0.314477473,0.48463881,0.727123857,0.487179488,0.655172408,0.621710539,70
3,5,84,HeNormal,l2,0.001378202,FALSE,0,0.002016918,0.821873367,0.919494331,0.898233831,0.973209321,1.706647992,0.620253146,0.53125,0.681730747,15
4,2,96,HeNormal,l2,0.005785431,FALSE,0,0.00996264,0.527105749,0.844873488,0.804366112,0.923786998,1.161519647,0.628205121,0.602739751,0.623684227,240
3,2,95,HeNormal,l2,0.001388914,FALSE,0,0.00200254,0.147278696,0.985362589,0.980935872,0.998040378,2.057698727,0.683544278,0.647887349,0.64871788,115
4,5,41,HeNormal,l2,0.003395376,TRUE,0.45,0.002274753,0.697946846,0.575233042,0.558782876,0.622558534,0.698525131,0.628205121,0.666666687,0.670723677,83
5,2,58,HeNormal,l2,0.002060862,FALSE,0,0.004399465,0.301712722,0.980013311,0.974048495,0.997378528,2.035508156,0.623376608,0.524590194,0.612348139,51
6,2,58,HeNormal,l2,0.003929993,TRUE,0.35,0.003494217,0.713463783,0.584666669,0.534727395,0.616122127,0.719283402,0.552631557,0.484848469,0.615997195,14
3,5,51,HeNormal,l2,0.00437686,FALSE,0,0.001911766,0.244057968,0.97671324,0.969801545,0.996837318,1.282826304,0.683544278,0.626865685,0.703205109,110
2,4,34,HeNormal,l2,0.00239794,FALSE,0,0.004119673,0.158794895,0.985372365,0.980869591,0.999350965,1.883809805,0.662500024,0.619718313,0.649687529,220
4,3,92,HeNormal,l2,0.006655818,FALSE,0,0.003486876,0.639602542,0.709054589,0.683562636,0.762817025,0.745627761,0.653846145,0.639999986,0.650328934,118
5,2,50,HeNormal,l2,0.001267456,FALSE,0,0.004506183,0.225785777,0.99333775,0.991289198,0.998176396,2.257887363,0.61038959,0.444444418,0.627192914,80
6,4,87,HeNormal,l2,0.008022811,FALSE,0,0.002720758,0.586359918,0.78733331,0.750975788,0.861738324,0.900462508,0.565789461,0.492307723,0.612188339,130
5,3,64,HeNormal,l2,0.003976962,TRUE,0.4,0.003248662,0.700219691,0.591605604,0.501220524,0.598551333,0.710281074,0.519480526,0.097560979,0.622469664,55
3,3,76,HeNormal,l2,0.00555485,FALSE,0,0.002033488,0.141264468,0.995342672,0.993918359,0.999867737,2.732542038,0.607594907,0.537313461,0.615064144,118
6,3,69,HeNormal,l2,0.001113971,TRUE,0.1,0.001958748,0.194785789,0.987999976,0.984265745,0.997243881,2.335411072,0.618421078,0.539682508,0.610457122,191
5,4,100,HeNormal,l2,0.038662136,TRUE,0.85,0.001855636,0.715583086,0.467688203,0.470510244,0.489482254,0.71167177,0.506493509,0.45714286,0.613360286,39
2,4,96,HeNormal,l2,0.005690415,TRUE,0.15,0.001340335,0.306573987,0.944813848,0.928755403,0.987502337,1.548278332,0.699999988,0.666666687,0.660624981,174
2,4,64,HeNormal,l2,0.002846875,TRUE,0.2,0.005942208,0.703815937,0.56316489,0.445569605,0.563354671,0.707349658,0.637499988,0.6813187,0.626875043,12
6,2,17,HeNormal,l2,0.003750931,FALSE,0,0.001312513,0.673212707,0.727999985,0.67202574,0.80963552,0.945343494,0.5,0.095238097,0.617728531,11
4,3,40,HeNormal,l2,0.008915477,TRUE,0.55,0.002584953,0.70209229,0.54926765,0.488284171,0.575703025,0.705771148,0.56410259,0.291666657,0.607236862,32
6,3,46,HeNormal,l2,0.008909974,FALSE,0,0.008502883,0.718511283,0.551333308,0.469661146,0.553863287,0.714199543,0.592105269,0.367346942,0.634695292,25
2,4,89,HeNormal,l2,0.002225121,TRUE,0.85,0.002531673,0.716781437,0.508643627,0.464104444,0.50896275,0.724576771,0.587499976,0.629213512,0.644374967,127
4,3,62,HeNormal,l2,0.012607971,TRUE,0.5,0.00414718,0.729254365,0.523968041,0.455445528,0.532746494,0.704110801,0.602564096,0.523076952,0.64769733,33
6,5,10,HeNormal,l2,0.003111516,FALSE,0,0.00474197,0.493043333,0.860000014,0.828990221,0.923729658,1.244753957,0.605263174,0.583333313,0.612534642,65
3,5,11,HeNormal,l2,0.001547576,TRUE,0.2,0.00563269,0.529719591,0.804391205,0.763665617,0.878512919,0.842985332,0.670886099,0.628571451,0.646474361,175
6,4,47,HeNormal,l2,0.01163132,TRUE,0.7,0.001096392,0.697501957,0.551333308,0.472983569,0.565699816,0.700915456,0.526315808,0.181818172,0.601454258,58
2,2,52,HeNormal,l2,0.015304972,TRUE,0.95,0.004666899,0.730346918,0.439494669,0.478018552,0.49172473,0.777215898,0.5625,0.444444418,0.619687498,150
2,5,23,HeNormal,l2,0.00939602,FALSE,0,0.001368914,0.561724126,0.867686152,0.834028363,0.934611917,1.285918951,0.537500024,0.393442661,0.610624969,30
4,2,88,HeNormal,l2,0.016020054,FALSE,0,0.006191639,0.711289465,0.519973397,0.429136992,0.518198729,0.699629664,0.589743614,0.483870983,0.656907916,12
3,5,55,HeNormal,l2,0.015488768,FALSE,0,0.001767437,0.691229761,0.568862259,0.548117101,0.606017649,0.710012674,0.506329119,0.654867232,0.600320518,72
3,2,66,HeNormal,l2,0.001195862,TRUE,0.15,0.001667114,0.254691392,0.966733217,0.956822097,0.993855476,1.313397527,0.620253146,0.642857194,0.622115374,60
2,4,22,HeNormal,l2,0.025855122,FALSE,0,0.003324747,0.697226405,0.577127635,0.492822945,0.599927902,0.703878999,0.600000024,0.542857111,0.630312443,42
3,2,47,HeNormal,l2,0.001946201,FALSE,0,0.004187382,0.284835279,0.986027956,0.981849551,0.998736024,1.570607781,0.670886099,0.617647111,0.684294879,41
5,3,40,HeNormal,l2,0.026825553,TRUE,0.35,0.002028818,0.69927448,0.558960676,0.49848482,0.568247736,0.705566883,0.506493509,0,0.623819172,39
6,3,35,HeNormal,l2,0.003469758,FALSE,0,0.001559984,0.673245788,0.797999978,0.761229277,0.87749052,1.040477157,0.631578922,0.517241359,0.704986215,14
2,2,89,HeNormal,l2,0.010087061,TRUE,0.2,0.004150266,0.707282364,0.539228737,0.483221471,0.558983326,0.706587613,0.587499976,0.602409601,0.605624974,20
4,3,41,HeNormal,l2,0.020116994,TRUE,0.75,0.002215972,0.711254954,0.538615167,0.457321852,0.542898357,0.704900563,0.589743614,0.304347813,0.620394707,62
6,2,100,HeNormal,l2,0.030662406,TRUE,0.1,0.001501124,0.693277836,0.567333341,0.547735214,0.611751556,0.708126485,0.592105269,0.523076952,0.603185654,21
4,2,45,HeNormal,l2,0.001096315,FALSE,0,0.008018308,0.588196874,0.927430093,0.906757951,0.976736605,1.717719674,0.525641024,0.412698388,0.603618443,42
2,5,36,HeNormal,l2,0.003617419,FALSE,0,0.00365377,0.245811567,0.974069178,0.966175199,0.996867955,1.467963219,0.649999976,0.600000024,0.673750043,128
6,4,14,HeNormal,l2,0.005488843,TRUE,0.25,0.002123401,0.705377102,0.575999975,0.50234741,0.619202375,0.702701449,0.618421078,0.613333285,0.658241034,14
4,4,47,HeNormal,l2,0.033800516,FALSE,0,0.002260562,0.704888523,0.552596509,0.487022907,0.565811396,0.699950695,0.56410259,0.370370358,0.613486886,32
6,2,55,HeNormal,l2,0.021443591,FALSE,0,0.00753633,0.711158991,0.515999973,0.453313231,0.534640074,0.710226893,0.565789461,0.421052605,0.607340693,21
3,4,37,HeNormal,l2,0.001110608,TRUE,0.25,0.001235141,0.460260212,0.849634051,0.815359473,0.931281269,1.20988965,0.569620252,0.413793147,0.612820506,89
3,3,42,HeNormal,l2,0.00825337,FALSE,0,0.005353566,0.704021394,0.606121063,0.46279493,0.579195142,0.717781067,0.556962013,0.38596493,0.628846169,31
4,2,32,HeNormal,l2,0.010923678,FALSE,0,0.005100278,0.502237439,0.894806921,0.868988395,0.958266437,1.582185626,0.641025662,0.533333302,0.628947377,92
4,5,49,HeNormal,l2,0.007276623,TRUE,0.75,0.002824952,0.741431415,0.525299609,0.476889193,0.542385459,0.738913715,0.56410259,0.413793117,0.603618383,59
2,3,88,HeNormal,l2,0.016225176,TRUE,0.85,0.003240788,0.761980414,0.527260661,0.366874427,0.50481528,0.752198637,0.512499988,0.04878049,0.600000024,38
2,5,47,HeNormal,l2,0.022211477,TRUE,0.3,0.001236389,0.706281126,0.558510661,0.471337557,0.567254901,0.685184002,0.625,0.711538553,0.617500007,31
3,2,72,HeNormal,l2,0.002042991,FALSE,0,0.001373067,0.312052339,0.947438478,0.932305038,0.989329398,1.961325288,0.531645596,0.430769265,0.605769277,62
3,2,28,HeNormal,l2,0.004183962,TRUE,0.6,0.006949649,0.707178712,0.569527626,0.417641759,0.541794956,0.701113999,0.607594907,0.392156869,0.607051253,71
4,4,17,HeNormal,l2,0.001215218,TRUE,0.5,0.001455756,0.657186389,0.637150466,0.592371047,0.703854084,0.668901026,0.653846145,0.597014964,0.71184212,125
6,4,25,HeNormal,l2,0.001105021,FALSE,0,0.009041513,0.566325545,0.856666684,0.81917572,0.915539443,1.234156013,0.592105269,0.456140369,0.617035985,94
3,3,32,HeNormal,l2,0.012641045,TRUE,0.65,0.006543482,0.703789115,0.448436469,0.512065887,0.504381657,0.703537881,0.544303775,0.653846145,0.607692301,34
2,4,10,HeNormal,l2,0.008228012,TRUE,0.5,0.008218087,0.708165586,0.56117022,0.473684222,0.546937108,0.73798722,0.5,0.591836751,0.605937481,42
2,3,59,HeNormal,l2,0.001768215,FALSE,0,0.001908885,0.251412034,0.982712746,0.977547526,0.998447001,2.379028797,0.574999988,0.392857164,0.607812524,56
3,5,79,HeNormal,l2,0.003842724,TRUE,0.5,0.003127366,0.711048603,0.542248845,0.460815042,0.549592435,0.71706593,0.569620252,0.291666657,0.617628217,54
6,3,81,HeNormal,l2,0.00191319,FALSE,0,0.004392715,0.710201323,0.611333311,0.579668343,0.660561264,0.730915546,0.671052635,0.637681186,0.643351793,16
